1.188413374239341e+23,279597.7869469018
3.073888094447872e+23,283994.6033993466
9.03801100658591e+22,278332.9285836627
1.947249957997996e+23,281853.1887938966
1.298931975135296e+23,280027.15397674
1.119382668679379e+23,279326.7049672679
3.009976008084063e+23,283924.0379951683
3.22837895450749e+23,284245.243170597
1.106531248369854e+23,279269.4362829648
5.150088990707006e+22,275757.7641848883
4.238322575694297e+22,274837.0625604979
2.332070842595768e+23,282762.3505212342
4.270665381886572e+23,285531.6974838366
4.957452474445955e+22,275561.4910640268
9.972334180973916e+23,289450.4713242627
4.751939976133083e+23,286042.5949402171
1.497956574182242e+23,280664.102414583
4.518624225203108e+23,285758.3604156403
4.034724856963276e+23,285280.9472332291
3.511634050182905e+23,284638.2248464801
1.902292394994953e+23,281784.1861606946
2.554783148760011e+23,283170.2794358726
1.880826038240812e+23,281750.296106366
8.195849797669458e+22,277882.6605176853
1.447095686234215e+23,280513.9390621189
8.968975842289811e+22,278316.8911430156
3.060438467771002e+23,284005.4415371654
1.135394800616619e+23,279423.3028566506
1.200951551137201e+23,279635.0281280536
8.629427946441612e+22,278144.2224231444
4.05629817702511e+23,285318.0114994977
1.807636560238448e+23,281567.7258791241
3.975090149492631e+23,285224.974568577
5.253690791221335e+23,286483.7674472873
2.752928627810923e+23,283526.2444069519
2.427563750559608e+23,282893.5656572473
4.325319900308603e+22,274918.2427292569
3.091839384757566e+23,284042.1276919181
4.902051060190211e+23,286179.1107279502
3.103061065652051e+23,284066.8092328155
1.936203462818258e+23,281875.1740510667
1.93740306786095e+23,281906.0132402383
1.362582370235132e+23,280258.6294654846
5.804781604801307e+22,276322.2758253056
2.453410649879207e+23,282996.2780960155
4.679698862656831e+23,285987.5203191827
1.386874694130439e+23,280329.9565236435
9.905472892179807e+22,278777.0506337166
1.618812270526161e+23,281028.2701809536
3.979705175042029e+23,285188.243785197
2.658651504744643e+23,283344.0282774317
2.400920146610016e+23,282869.7055266786
5.522561011840027e+23,286756.2745416563
1.708833827255763e+23,281299.6692325613
2.070679673536339e+23,282192.2485712135
6.857439911448237e+23,287711.5879086194
2.188094389141104e+23,282447.805990712
2.834538289779836e+23,283643.6343376309
2.699887964431632e+23,283404.1107510478
1.872587831654866e+23,281759.0094569245
2.766664856055174e+23,283535.236347173
2.443053796443849e+23,282920.0087098794
1.116683263874297e+23,279345.5107126395
1.54947992452307e+23,280827.4493014007
2.427189391401934e+23,282963.0009621053
2.972842300243126e+23,283832.2648411606
1.576444186767069e+23,280934.4633439743
2.468840838108541e+23,282987.4284729083
4.692280592759412e+23,285992.3584514348
1.898633295790865e+23,281798.1824829698
3.374501329004334e+23,284432.3012306964
1.199339532240075e+23,279646.4842294782
2.001949197132926e+23,281995.1513561805
1.720393862435759e+23,281357.1054079755
3.498254474119723e+23,284639.7805511736
1.818736790289503e+23,281599.0770468379
1.529794181107679e+23,280779.9221362532
1.354123871605684e+23,280209.6382589792
7.850555407023725e+22,277713.7516553752
3.915961670213899e+23,285091.720086976
1.123428295587284e+23,279295.7227449315
2.756827803563979e+23,283512.3227528645
3.082876426568137e+23,284023.1520163657
5.941627285250002e+22,276390.1366611483
7.617053288752633e+22,277526.7341698136
1.832968295645775e+23,281625.4387591432
1.39080586833794e+23,280369.0102321554
2.290527633883068e+23,282644.6059432077
2.469822768986595e+23,282974.7296526741
1.056534501890633e+23,279043.8536672052
1.6255638071931e+23,281065.9342706593
2.213280233686793e+23,282492.3564186381
2.014954315645161e+23,282044.7363483307
3.100202586785129e+23,284043.6744931919
2.027375718774502e+23,282097.8066346301
2.207693005695908e+23,282476.4057118219
1.499693020050359e+23,280728.0422504116
8.253544627957239e+22,277906.3515557614
1.998877094582676e+23,281987.5803711078
2.040175757930921e+23,282114.5456732654
1.16041328616787e+23,279507.7630837389
2.554820203542959e+23,283141.8813756595
9.509173438996422e+22,278574.2343078542
1.02466565607181e+23,278907.4125620488
5.493610893096075e+22,276025.3266950385
5.766546170844446e+23,286910.4601222073
3.197438279930336e+23,284184.9280211187
1.700183649044342e+23,281306.940338617
3.642383397196858e+23,284777.3483989491
2.217726109051527e+23,282487.6850129332
2.197345528537675e+23,282488.33972728
8.701796710590417e+22,278158.8720792297
1.098537622969269e+23,279287.8725800766
1.317447174344648e+23,280100.4737031593
9.993110402318775e+22,278815.5908572428
1.122816694756203e+23,279372.1318332589
1.565786979456255e+23,280890.93215324
6.102972064879073e+23,287216.3828781045
2.725782888990438e+23,283439.3473927892
1.523089012700595e+23,280760.4428057603
8.097226011432865e+23,288497.4713997721
1.490574207543881e+23,280684.1387425673
1.324715722694431e+23,280121.4735758323
7.323458946152014e+23,288046.6384021415
6.351775448187579e+23,287335.8587009504
1.099235040492683e+24,289910.5211163665
1.486059363186799e+23,280627.9169365815
2.747592258213943e+23,283476.9403177517
2.174151560225883e+23,282377.5163259595
2.123346030782266e+23,282343.7421868647
4.987619718651208e+23,286275.7360055255
2.019333498644223e+23,282046.6217589797
2.127710724056738e+23,282321.9175462091
5.555145497657478e+23,286774.7812940058
1.776536179963215e+23,281470.5243270403
4.753883135222477e+23,286038.4468012417
1.915421768146211e+23,281812.9628506784
1.143716407205489e+23,279471.9426941193
5.911469986373902e+23,287034.420492436
1.620015100329845e+23,281010.4607691842
1.007011557196136e+23,278849.0098540755
4.510855799406988e+23,285789.8338103232
3.846497542860655e+23,285026.7250093636
9.167095093464662e+22,278428.5345766158
4.890503143887124e+23,286170.5366386637
5.992292968868966e+22,276441.3976717509
5.220937767359412e+23,286430.1994214539
9.938800480263147e+22,278804.3310534219
3.934272447681751e+23,285149.3018118398
6.385112935506163e+22,276757.7403355805
2.892990021123527e+23,283720.3419975553
1.504790839375723e+23,280704.6492142741
1.861513665980104e+23,281694.6305312128
1.81094247973848e+23,281560.7492350513
1.984937725987023e+23,281990.2996080318
3.118167163023032e+23,284082.3722234197
1.769883794901759e+23,281454.674577363
2.101759719452342e+23,282249.5317673582
2.749438160755258e+23,283475.6907816066
3.951291770439611e+23,285154.1427709431
6.083768960127684e+23,287157.0072359222
3.600260847717689e+23,284735.0763973385
3.374183719273633e+23,284424.1150304431
1.679571172921109e+23,281183.8123047335
1.446698729609995e+23,280539.366601436
7.90359499314588e+22,277743.3881467583
1.961504218934749e+23,281922.9471797508
1.16696543610092e+23,279557.5027450253
3.643290534971739e+23,284804.5709091634
8.70755067860474e+22,278162.0741543695
1.601232600735219e+23,280970.7642737378
1.259605091937451e+23,279910.3326117001
2.056839288411066e+23,282134.3537798515
2.036298195820659e+23,282119.9989448906
2.386032385515574e+23,282864.4206678071
4.708228655565616e+23,286001.0502613636
1.21484118363512e+23,279692.1972344235
3.679331954743746e+23,284850.5076467856
6.615644008235691e+22,276888.1304204619
3.048818140870444e+23,283970.1762230862
4.337857072175821e+23,285622.6030515805
3.141213903799033e+23,284071.22003238
9.258336945321353e+22,278481.6051794352
1.298016933129426e+23,280029.0912462748
1.223936909960154e+23,279786.8693768115
1.331027738822565e+23,280087.2233006706
1.47704017555635e+23,280622.3939859409
8.706927501463534e+22,278119.6203366244
1.147856349696093e+23,279459.6838569324
8.176743313757446e+22,277856.786894882
4.49098134306222e+23,285734.3324279041
3.236956504234002e+23,284274.8201513382
3.621503557067256e+23,284755.6368262741
2.223454767804465e+23,282525.4119027054
2.277194440551634e+23,282646.734521142
2.152661001377059e+23,282345.6733093588
1.383534395172921e+23,280281.0080204386
1.728268899168919e+23,281354.1362988033
4.259514219785739e+23,285538.5031329065
1.36256157374626e+23,280209.0674523809
1.739488449860196e+23,281357.4420966706
3.124588891582064e+23,284074.5357860584
2.170621292391365e+23,282411.4115087306
3.925054820612539e+23,285135.6942755539
2.206574139024643e+23,282450.6699752264
2.254748054254523e+23,282578.6558633338
2.331477893023202e+23,282745.8781102583
2.816780146808727e+23,283594.853580063
8.512857394237576e+23,288739.5077499173
1.589892068411728e+23,280968.1616602385
1.314514365274865e+23,280105.0010775533
1.984860423689297e+23,281978.030808984
3.352084738263947e+23,284410.7992653762
9.781145222371352e+22,278755.689331799
2.664701623599212e+23,283324.2211018495
6.443030464246614e+23,287480.4348307725
2.447290951328532e+23,282948.2727729816
1.69435859319629e+23,281202.7921657664
1.832665306289009e+23,281597.1915836796
2.384046050047056e+23,282864.0483180593
1.0328371655947e+23,278988.2661194376
8.551483206763693e+22,278052.6345756156
2.783931056319859e+23,283559.4440710585
2.150421339447171e+23,282338.7874059361
3.150112553908536e+23,284115.9857405577
1.355006357581092e+23,280173.0427144459
2.465256735994181e+23,282996.876999212
2.449532408609296e+23,282953.3553463608
7.163092780211724e+23,287916.7760903103
2.085547219562596e+23,282230.1960115777
1.835176875528071e+23,281642.4943953342
6.660884254366119e+22,276932.5701274535
9.973521109456777e+22,278810.3739106406
1.284189791403995e+23,279997.4761726933
1.248155041504024e+23,279860.6648642889
2.735438469602588e+23,283467.6724259732
3.676130956744586e+23,284841.0061195507
2.70071211416898e+23,283383.2176934324
3.454816553123845e+23,284540.4091367436
5.943607133993174e+22,276398.4866607797
1.079903787819547e+23,279172.8458126081
2.793648558373479e+23,283546.4768904981
6.343123876253735e+23,287372.4667503739
2.648407051916734e+23,283264.0956948611
8.161670334571074e+22,277866.2367676634
6.615466426125117e+23,287544.5000126016
1.478561834588144e+23,280621.9107514402
1.072558308516913e+23,279119.8203165648
4.758504881269975e+23,286030.0593798134
4.385403517016133e+23,285663.9532022009
8.984067750998259e+22,278335.0350976287
1.310701892065806e+23,280038.829012814
1.38966988250148e+23,280314.4692243105
5.418335707067577e+22,275969.5597402344
7.449532013507085e+22,277441.2715592375
2.788349981442235e+23,283550.8435200337
1.540627117283791e+23,280810.2609110223
1.506641760984961e+23,280718.4776814124
1.338496838500299e+23,280161.9969875404
4.486255042067473e+23,285754.1192567054
4.093526952133199e+23,285319.1547649711
2.577867770913004e+23,283183.5141566596
9.113550337311096e+22,278388.1686641709
1.236600207300219e+23,279781.0769920513
1.219256973632234e+23,279710.5159899756
1.238728539374905e+23,279784.5325485597
1.605568320377218e+23,281020.9525787577
6.848429585716309e+22,277060.0147215807
3.5787328236559e+23,284713.2216308822
8.848723293486063e+22,278263.9806402613
4.433965409964699e+23,285717.0600907201
4.600913762421561e+22,275215.9479866369
1.015042951735863e+23,278893.3938016165
7.311864045242922e+22,277342.8914880266
4.090667676715951e+23,285366.6142353337
2.308482963183915e+23,282731.8480551711
2.086008434721893e+23,282242.6925287049
3.411271727703331e+22,273852.2467004
1.803998055773569e+23,281531.1838886801
3.806177041787357e+23,284981.4303654026
1.856339049137586e+23,281638.3465379847
2.23851714151126e+23,282526.1703301428
8.758110436808814e+22,278228.4161009985
3.019693740953159e+23,283942.8641165326
3.255248716430917e+23,284310.8305477924
3.357781283999019e+22,273742.455713643
6.494501900594961e+22,276816.3107063825
1.760945474143231e+23,281455.5311387896
1.527847320375178e+23,280796.9088982311
1.914317487699455e+23,281790.960261601
3.135921031142881e+23,284109.1868729742
4.356264487547597e+23,285606.7851346879
7.135804324963069e+22,277234.5556761236
3.289298946154877e+23,284358.45640285
8.865038621371274e+22,278246.0989283334
3.417644265031233e+23,284484.966688978
1.407501902336128e+23,280410.9864808469
1.075663742560356e+23,279132.5250622695
2.412090107097379e+23,282918.4931081145
8.274453827275158e+22,277940.019689792
9.613345279139525e+22,278609.127640999
1.707692691108084e+23,281293.7620827652
2.860090267334667e+23,283648.9412648327
9.136081765115749e+22,278390.2136127832
2.000098452028224e+23,282025.3476010348
7.354786597656717e+22,277368.4385568623
2.88394521250905e+23,283711.9202446201
1.539392220465771e+23,280813.8079436609
1.403080762457762e+23,280394.6660172605
1.173440041985922e+23,279539.9792473392
1.404320582382055e+23,280378.0885169312
8.347839044940711e+22,277962.9702155791
6.957998366662396e+22,277148.9517658372
5.080689386710737e+23,286347.1813215199
2.294943046224163e+23,282630.5973191165
6.030205305094655e+23,287117.9872133664
2.385494700159909e+23,282812.8571534976
1.376804391695462e+23,280275.5140083495
1.6362493843673e+23,281106.6972703457
3.092790441199799e+23,284059.9109565509
2.175719504715695e+23,282422.7756044313
1.594945604893388e+23,280972.5921196195
5.344279570683198e+22,275911.9984984935
1.010401651748351e+23,278898.0294751098
2.456278764213766e+23,282968.5714424996
6.55634042591903e+22,276887.7098204273
3.625537155495106e+23,284780.6818969113
3.555957883726667e+23,284710.5256322424
3.98269917322711e+23,285208.1408708837
1.664749726695546e+23,281183.2033485652
1.09026434202568e+23,279198.5262723461
3.731089120488449e+23,284915.8151840673
2.734692993708344e+23,283494.1780973106
3.113223813051416e+23,284027.8142749518
2.097974707022998e+23,282257.6631310631
1.296884044514358e+23,279997.8786858553
1.268573090228171e+23,279933.309207297
1.441399579100646e+23,280534.2503047751
1.400459623815989e+23,280362.5953461264
1.917344607221985e+23,281874.2195058495
1.041606293665001e+23,279004.9357047332
2.698092484268332e+23,283411.0777349054
2.296005442982581e+23,282677.5641584746
1.379225694501421e+23,280317.3109331615
1.380396158896122e+23,280323.0350408531
7.036660172869904e+23,287828.7025973916
2.089146902502451e+23,282180.9323747348
1.679646067511155e+23,281210.1589138256
1.013032453898363e+24,289517.0667316582
3.028190561171462e+23,283917.7292444922
1.658148733594324e+23,281197.6828245891
1.645566375391327e+23,281113.6248823784
4.73090018636445e+23,286033.5378838156
5.993725418216212e+22,276433.0720858971
4.00906959455855e+23,285234.5558193726
1.623417116839685e+23,281019.993093364
9.150883110921545e+22,278399.3826181316
5.214624992528169e+23,286472.1119902475
3.75038184992132e+23,284944.2159349544
3.915344587593605e+23,285141.1767778614
2.952116721267636e+23,283843.2855700713
8.368306244235008e+22,277948.3732816684
2.103410616388444e+23,282222.6767131125
1.503097120518783e+23,280689.9678101599
4.873427582916056e+22,275497.4321236812
8.382222874220147e+22,277983.9731863714
6.835866205879234e+22,277072.8485980004
2.46185463682783e+23,282954.6404826222
1.116845470134466e+23,279304.019592332
5.983389758430879e+22,276432.2576260549
2.422857470710654e+23,282895.8076185719
2.670241656673684e+23,283363.9879261004
1.778496434230194e+23,281460.345053209
2.886574625801664e+23,283742.8330177739
1.705732849139022e+23,281269.1669445998
1.578437340390668e+23,280926.6481857862
3.34627558903347e+23,284377.9005634651
1.07920224271925e+23,279168.0545202573
4.693480802440241e+22,275321.7099509905
1.317230702589584e+23,280075.5580927132
3.03677063889566e+23,284001.2561883029
2.164779055412173e+23,282399.1647931191
2.558073372624972e+23,283130.9093089532
2.558076960592138e+23,283206.7000486219
1.251424780579253e+23,279861.6061595158
1.25566853817544e+23,279866.6478564307
2.127585135475787e+23,282264.0041024295
2.274536437670149e+23,282663.3012750285
5.409396585355688e+23,286624.9610421748
2.308908642221476e+23,282731.1917538441
2.75214840963247e+23,283498.5487613256
3.722381944788787e+23,284890.0736879551
1.869113961958747e+23,281742.0277889657
8.369241964668425e+22,277983.8407646564
2.5452551860965e+23,283127.3755415375
1.619723458176946e+23,281076.3730223606
8.624489059292815e+22,278148.7486611909
8.476174744842378e+22,278053.8074878206
1.383772747209279e+23,280324.0856708123
1.763238564134859e+23,281391.9105147213
1.368626621432092e+23,280272.0022076628
3.038472923539361e+23,283982.3793630154
1.852055101449727e+23,281650.2919573421
2.747801466540799e+23,283510.6260660405
1.606108443123399e+23,280997.0400232905
2.964283089653508e+23,283852.4122746
3.743204728494691e+23,284901.0148012292
1.350445823673527e+23,280184.4268453484
3.844809092356257e+23,285069.8194292395
2.286267465305274e+23,282687.6403090074
1.443436456499584e+23,280493.1412117998
1.641217030631211e+23,281108.360313334
3.185726111827836e+23,284188.0136367229
6.838742626452235e+23,287696.5420481091
2.207327164004378e+23,282474.3933986551
2.352339203602258e+23,282818.7291583757
1.332963433653438e+23,280156.9459797533
2.068625228411383e+23,282178.7406468345
4.805871395685336e+23,286115.788971591
3.927903853286484e+23,285122.3645394019
1.895559666049692e+23,281798.1423304301
6.612086926656203e+22,276862.698563839
1.353273990704913e+23,280211.8319759017
1.300614869170065e+23,280018.2479288515
4.324247850681856e+23,285576.5548065199
1.155960237127827e+23,279499.303011185
4.869414550055609e+23,286110.107680321
2.022633287065383e+23,282050.0191333349
2.218105701567449e+23,282475.3269157567
1.508075042342737e+23,280710.7628411302
1.498032665301382e+23,280679.8191111734
2.201962852894472e+23,282479.0499516724
1.982566413535181e+23,281949.0156023736
1.613215890916706e+23,281041.3000916391
2.568681393339728e+23,283187.2700591233
2.126006565243166e+23,282324.1228723575
4.292565964525304e+23,285551.6577404223
3.034774536261787e+23,283956.1258273546
1.835333584748933e+23,281638.4418422863
6.100700336020366e+23,287204.9943213643
5.625502614553192e+23,286809.8477341632
8.232626672378962e+22,277875.7336649278
1.146292524843359e+23,279453.0130801997
3.471592419644292e+23,284567.7850053363
5.110088789268799e+23,286355.1145128395
1.493040748974449e+23,280682.2993188908
1.941511240951216e+23,281895.1937596708
3.248889464154323e+23,284272.4277076118
3.834677811524853e+23,285024.2114978469
4.666069112371609e+23,285940.1884719992
2.574235887254509e+23,283176.3596489142
1.561428869921583e+23,280892.2068651052
2.743328795558167e+23,283500.76972534
4.80729866610119e+23,286066.610251752
1.207417230939969e+23,279683.1095901566
2.357198502703004e+23,282814.9765185777
3.34280697522912e+23,284424.8417448914
3.665481010169723e+22,274133.2881815631
1.272202792343316e+23,279922.7151431791
2.434593918317762e+23,282960.3135919939
1.248785609766277e+23,279852.6606153719
3.659553846656264e+23,284827.6912430512
3.744909575966573e+23,284937.8010054049
3.985845468536765e+23,285246.2108019175
7.770162465013536e+22,277666.2954311987
6.90387767724372e+22,277050.7022402901
2.064583717672229e+23,282181.6260034401
3.101928565231608e+23,284098.9214233056
7.804276971799097e+22,277679.9374230716
1.12916922582034e+23,279387.6896462252
2.989775920148177e+23,283881.1036715987
4.242938655635409e+23,285526.0679210743
3.75954742471789e+23,284927.2858433963
3.822264959314629e+22,274371.185986479
5.652379100781354e+22,276171.3290964215
3.708567672594819e+23,284841.4809244026
1.415905373143318e+23,280412.4143011634
1.612821191007966e+23,281004.5203972769
2.623599193718487e+23,283275.9799964487
2.282682766762782e+23,282637.7202671467
1.020587860025949e+23,278927.6001360169
1.82588815111702e+23,281606.8901214176
5.173708167526502e+23,286441.9926152385
2.381223640382868e+23,282832.1402106056
4.838073151538118e+23,286118.5635233823
3.769527895204706e+23,284941.9187153763
1.952793143079895e+23,281931.7249298765
3.0407854042797e+23,283976.5470719152
1.999070118385651e+23,282052.72400035
3.210662355335283e+23,284189.889051859
2.207947848104317e+23,282455.7767388825
1.534277284682791e+23,280837.345539924
1.515304159436745e+23,280757.3240630726
1.612446222019363e+23,281013.5254335798
1.389951611369044e+23,280318.9922107786
2.307457679311931e+23,282716.7163084274
1.973492819762028e+23,281959.0062168549
4.473282307533954e+23,285749.7241405557
1.302976939128723e+23,280062.0941400597
9.862268013773958e+22,278775.9165892247
1.405864483332846e+23,280386.5997460018
2.971061146491843e+23,283878.3361332422
1.855525341917624e+23,281683.7211672537
3.27542247927521e+23,284309.6216031626
1.288276768610713e+23,279970.7926746722
5.537311539955095e+23,286736.2797886784
1.91572021182496e+23,281834.6372618717
6.104016149375241e+22,276523.0368464495
2.066317247272205e+23,282182.8785621576
1.785783720140208e+23,281496.5862426931
2.238520405505797e+23,282527.3384162183
1.585891680237294e+23,280968.9687164868
1.497963473501962e+23,280704.1913883307
2.054179761913451e+23,282125.896987146
6.348798759262417e+22,276714.1270538468
2.484761300737654e+23,283028.7499476037
4.279157245487869e+23,285549.4052969658
5.106882116464951e+22,275683.7426939551
9.366037016852274e+22,278484.8275851586
4.07935789997351e+23,285335.761252625
3.149093883734463e+23,284129.5324634801
9.424327385110633e+22,278559.6754518313
1.862565180757319e+23,281645.910976463
8.156379241863513e+22,277880.9667380271
3.684307270241193e+23,284838.7103187388
5.459375742830502e+23,286680.0464396728
1.710188489263582e+23,281298.1042305694
9.157837785478141e+22,278420.2643949473
1.858909087794107e+23,281680.4658911072
1.357508488696171e+23,280215.3524722689
3.366004238471826e+23,284423.2942162055
1.693562593875081e+23,281251.3167394998
1.716115029122106e+23,281335.4366987305
4.724030270659968e+23,286009.4255677776
2.062067034194515e+23,282189.523128679
2.782600898098106e+23,283565.1272200202
3.074291108220846e+23,284003.3839882107
1.794389918019549e+23,281491.6335478493
1.016293203188423e+24,289561.6296638419
5.188325532138702e+23,286399.9465056981
2.034324474188237e+23,282102.8747148069
1.172494818531508e+23,279526.332482236
2.088943382929166e+23,282208.424374146
1.022595941421502e+23,278882.8372962796
2.590080449204368e+23,283252.086654686
8.283841370562369e+22,277918.8272009323
2.130541044327348e+23,282320.7553228743
6.659694129013404e+22,276892.0818816953
1.233862725537218e+23,279757.3524994914
8.973532256443089e+22,278345.6702726329
9.25205718857821e+22,278429.7792258505
1.811130456340675e+23,281518.2226098942
7.43811513983381e+22,277417.3437329961
2.680426134931039e+23,283398.9154892534
6.465427551845088e+22,276779.527966193
6.299906898047245e+22,276687.0257555741
1.654814488540245e+23,281154.1505413069
1.28402942919913e+23,279967.8570042332
2.502562005574229e+23,283076.8602913928
5.17905122102559e+23,286403.2345677456
4.219643965158384e+23,285485.2041707467
3.069897488940311e+23,283997.2500064623
2.530369758400383e+23,283097.5109072272
1.368250822955981e+23,280257.9458596852
2.71903278922688e+23,283421.916821786
7.703106696098091e+22,277605.6075198416
2.72192742961975e+23,283461.926897434
1.401001389244292e+23,280403.1240850177
2.367789111852106e+23,282815.1896053921
1.566262238244822e+23,280880.5534523602
4.081690757091687e+23,285315.1454746624
3.365430729878654e+23,284406.4436366434
1.347300658115353e+23,280203.0730220928
1.131902495013972e+23,279385.3179492439
2.667541154251451e+23,283332.3691761162
4.28462815250266e+23,285587.0625234823
2.689747158605207e+23,283395.8261718788
1.834053253357722e+23,281663.2767828083
2.376584168162126e+23,282793.1745550383
6.838435722951773e+22,277042.9870739996
2.24218275532111e+23,282546.830781571
1.159546226141283e+23,279446.1100743506
1.515227381665656e+23,280723.6082939435
7.161364292950263e+22,277283.8139539849
8.156700839785063e+22,277871.1516933038
9.979563693142737e+22,278796.8963756568
2.918744939287622e+23,283757.8277626293
2.076233111006803e+23,282159.3819795046
6.098660676723293e+22,276548.1226915111
1.683098400932426e+23,281205.9215823222
2.154608740134799e+23,282359.8217169102
1.33971150389881e+23,280167.5248340397
2.07823146593286e+23,282220.9901007527
1.718899735898958e+23,281321.3721232461
2.661037002214371e+23,283363.2835379156
6.680230467144015e+23,287634.8695694011
5.01046334795828e+22,275570.2119850361
3.597363745252328e+23,284759.2811825892
2.214798430874978e+23,282510.423466928
1.39896241211145e+23,280345.3141178952
1.631214238999965e+23,281079.1458744658
2.351469253983237e+23,282760.2590523095
9.808198724445474e+22,278678.5961478665
1.216599038363514e+23,279688.3745617844
2.225054159579963e+23,282506.0574883694
2.42879776933617e+23,282956.4846611128
2.435468376803994e+23,282938.9806458891
1.094178632321159e+23,279224.9582139022
2.228345299031739e+23,282539.5305988421
3.024444761961892e+23,283921.6646876993
1.66934292725031e+23,281156.3524801257
1.135082650630002e+24,290015.5753771755
8.766467531592566e+22,278214.4162743918
3.24313945238401e+23,284289.0626056391
5.706565583886409e+23,286857.4317527714
1.515264619588357e+23,280746.6593869475
5.928212007628248e+23,287031.3439655061
8.262663662208254e+22,277937.7891613595
3.713447816006662e+23,284880.2266187918
1.704090435265829e+23,281282.1593103376
3.034132113608788e+23,283942.5517153966
2.793415673764051e+23,283563.4711592509
1.54076411340477e+23,280815.5812388662
7.863943345845407e+22,277710.3677416767
2.166013767011065e+23,282368.1006895062
1.952595994064946e+23,281866.1316549534
4.607701534078497e+23,285897.947020728
5.845330506863938e+23,286948.0819832403
1.66949273484753e+23,281203.4636087832
1.001234694183784e+23,278794.6580915649
1.389705268748601e+23,280343.8177736267
1.128592150050224e+23,279358.8330386741
5.859748365196495e+23,286990.567264297
1.780174096940967e+23,281514.6039171176
9.744176311596725e+22,278695.5780284265
1.535241694018758e+23,280797.9353783167
1.437881102344937e+23,280494.8291684024
8.180643921486074e+22,277897.5986646811
1.37948746864392e+23,280310.7970782765
1.915999688692414e+23,281837.4102439854
2.361506777021414e+23,282792.5461735046
9.109280448683055e+22,278393.9064694027
2.296953560371128e+23,282692.0873152683
1.103091254259633e+23,279285.8458794166
2.753695144520168e+23,283538.0925160933
6.758431813170933e+22,277022.0315543276
8.447435349288361e+23,288711.6752724908
1.606938785134191e+23,280992.5136142789
2.38545873986005e+23,282855.5243901056
1.187367084970823e+23,279573.836890551
3.761030830603644e+23,284938.340017657
2.746951894812783e+23,283499.268723753
2.830776393845923e+23,283634.329680291
1.080286747635647e+24,289817.3576149319
1.109600779422792e+23,279276.5538076134
8.164000932880739e+22,277882.7032673011
1.927982164205984e+23,281833.0278372664
1.707470321055112e+23,281285.328323793
2.800327615189335e+23,283585.7802325451
2.104912408070619e+23,282269.5494740255
9.386744462990577e+22,278509.8971189007
1.414929851986117e+23,280415.2325522802
6.900560479171833e+22,277071.7205789782
2.105920527192331e+23,282264.1835684633
7.13011593942612e+23,287914.2958170028
1.586757427364981e+23,280963.7320985981
1.48768473071054e+23,280661.8644195773
2.538967870987959e+23,283126.9914684347
2.57521180068758e+23,283206.1770991877
2.228148454196542e+23,282539.1345534823
1.935013851254099e+23,281880.3125724575
2.379107557897595e+23,282794.0194803254
6.227647222333926e+23,287286.8953899338
3.246545032117578e+23,284255.2428234821
4.173828896505234e+22,274778.4459692045
8.594015382195673e+23,288741.496579537
1.378479067144897e+23,280297.8687003249
2.030552319626328e+23,282078.0172039847
4.07739661168781e+23,285310.1046881146
3.119211806113815e+23,284064.0985679225
4.396883308799456e+23,285662.4503192405
2.119969888304308e+23,282293.234337636
3.890630114624547e+23,285107.8508272375
2.050322128286743e+23,282150.1617942903
1.111110727891938e+23,279308.1972538957
5.890084868461271e+23,287001.1530764458
6.058376867098563e+22,276478.512058632
1.669493669720709e+23,281197.0507413351
6.924135586856192e+22,277116.0535427706
9.044580913336921e+22,278351.915400588
3.962077922762179e+23,285170.6954712462
1.515381925974534e+23,280738.4696910706
8.010886436118064e+22,277782.0475105023
1.948207632388467e+22,271201.7082718007
2.901688090064636e+23,283745.6063309748
1.905755592855016e+23,281780.6134858789
3.947497180237018e+23,285134.4352616891
4.39150549201299e+23,285659.4897778543
1.757679545591314e+23,281452.2326613828
1.51475657633712e+23,280722.3011780155
1.48153407964767e+23,280632.9544741136
1.727992417688509e+23,281379.3245096861
1.292193151394465e+23,279967.5847640032
1.420468197368962e+23,280428.074102848
2.186764702392868e+23,282449.0543231915
1.887868313741199e+23,281743.2050042052
3.557835811921164e+23,284706.576267708
1.231401894892291e+23,279804.9871895728
5.049549378156333e+23,286284.627263907
2.962190604462992e+23,283817.0301927461
2.790796893311772e+23,283612.5644547754
3.059558743311255e+23,284010.7643666008
6.710348733490931e+22,276964.6196131206
5.07524887287583e+23,286345.2496667995
6.191650061989037e+23,287246.4197747632
1.381662000066961e+23,280308.0797331043
2.17582799404207e+23,282399.5953712566
1.305109419851208e+23,280074.9332461702
4.890922687692171e+23,286158.4397438244
1.372366097468514e+23,280292.6674756435
1.75516620932148e+23,281431.4489811485
2.499697593379569e+23,283029.8654059443
4.078601191011594e+23,285325.4222190361
4.193077239940665e+23,285453.4077638497
1.381196433076997e+23,280257.0381147965
3.417463842986926e+23,284510.5544246766
4.103034884473724e+23,285332.9531027813
1.186141328159422e+23,279579.1842989388
5.447170268152372e+22,275970.2361505753
1.602598888904492e+23,281007.3098415678
6.151163740289623e+22,276575.287539848
2.952411384261074e+23,283810.6620532237
2.19509950134712e+23,282418.8116334643
4.56857768189538e+22,275185.8288926808
5.317905211789304e+22,275894.8285358648
1.678472188700876e+23,281228.4889199843
2.613661091240314e+23,283269.6378605448
1.639837272294742e+23,281117.4479992906
1.426024723312837e+23,280445.7258535371
9.50769389196492e+22,278578.8539927583
1.268883546078142e+23,279918.5415271717
9.513338253344998e+22,278581.2891729439
3.36687526472097e+23,284408.00229992
1.176815699406476e+23,279556.2360291044
1.634169111507988e+23,281113.7484601201
1.717509354446203e+23,281318.7211969318
2.680465386680418e+23,283351.948994983
1.62880399100493e+23,281086.3207069108
2.767681067092701e+23,283558.5708872026
2.068622113535222e+23,282168.8412458955
5.386710370012689e+22,275946.2377622061
2.68546914950539e+23,283385.1359593174
1.213896356980771e+23,279709.0153183241
2.017846517440747e+23,282049.3403689401
2.372498911739772e+23,282824.0444664853
2.696347306004964e+23,283403.5397330979
4.62325065386345e+23,285919.0346951449
5.948789279425938e+23,287090.426608265
3.390248237877552e+23,284472.5509615751
6.159611141208064e+23,287208.6394388262
1.991436084047172e+23,282010.1880720743
1.559928435064486e+23,280888.4950163895
1.622753127212505e+23,281055.2047697686
6.902081273050796e+22,277086.6091936752
5.889188109177356e+22,276374.2671335759
1.847832981689346e+23,281643.9529563326
8.958006550767826e+22,278329.400328896
1.152877252627056e+23,279468.1478083888
9.691724367088838e+22,278699.1062336889
1.018100418651934e+23,278876.6863941496
1.636488775801229e+23,281101.0948747027
1.053552242997936e+23,279081.2828748845
9.475021683639709e+23,289210.9659979574
5.002242116452347e+23,286284.3680264843
5.648178405221927e+22,276161.7833356516
2.074457244742272e+23,282191.7832334737
2.533994772798255e+23,283111.842299648
3.620361848249979e+23,284745.9955709369
4.7622967388607e+23,286050.1946357218
1.12213633641719e+23,279324.4566281219
1.377226476281503e+23,280288.0220446237
5.341721030743355e+23,286533.9113309061
1.534194849960693e+23,280812.3487526386
2.559303296226659e+23,283159.0375208864
1.570421206932912e+23,280896.588579172
8.208471671200067e+22,277876.5889044427
1.094575309371559e+23,279253.2194881993
3.030701626985313e+23,283923.3805101754
1.251028180566423e+23,279872.5612629766
6.202151100266613e+23,287243.3277089734
1.218153244102184e+23,279750.4899375744
1.450373514098172e+23,280532.285550552
3.820998722881481e+22,274353.4991774351
1.743235870113039e+23,281418.9768590672
2.475736789931767e+23,282998.557062061
2.313998717571467e+23,282675.9722985751
3.011568699432431e+23,283914.8678111313
1.69419648188257e+23,281265.3049414257
4.718574892400629e+23,285976.7577779638
4.364503284415788e+22,274964.5464407938
9.816860260559036e+22,278715.5812298181
2.173744934427369e+23,282439.5586642828
3.943776215043874e+23,285157.7290260884
1.126182776145046e+23,279388.7955894483
1.039140174672706e+23,279001.2912777868
3.054590417667879e+23,283975.3878981749
3.2340256351702e+23,284249.6368242087
3.079912842752652e+23,284054.790817613
9.051207057249423e+22,278334.6658589792
1.983576057283694e+23,281992.9795906595
3.11109586773422e+23,284056.3506181636
2.119282945651162e+23,282281.6631426487
4.227672139851864e+23,285499.9267444687
1.612726603995033e+23,280987.7289149981
1.407032029752831e+23,280410.8765200952
6.652015832468192e+23,287628.1678912911
2.009724117395765e+23,282067.1515132125
2.258526823876885e+23,282597.5155684822
2.337666325686107e+23,282762.4565858004
1.813394767769072e+23,281576.3538964712
1.658422005178205e+23,281163.1359188486
2.24353991518843e+23,282586.7774090798
7.657009220459591e+22,277589.7411356436
3.377937893903903e+23,284482.2747520443
2.225854211569952e+23,282508.2495418884
3.132467636265039e+23,284074.5242077083
4.496457295600898e+23,285752.5287978231
2.42134691966244e+23,282913.4551279352
3.988658325678095e+23,285190.7226313102
4.107730576956888e+23,285350.053968717
1.879560547242394e+23,281746.435853549
6.716262066717769e+23,287628.8137596948
5.119105718383448e+23,286350.5066828288
2.490367765643179e+23,283041.4248434803
5.565821950093108e+23,286765.265754398
1.135942915093448e+23,279404.7154400407
1.205898409597208e+23,279699.4079826277
1.526181531352504e+23,280742.2690445128
3.925656364351918e+23,285086.22589741
9.94851194140629e+23,289432.066081606
1.378999653471643e+23,280328.7056110036
1.518547331048363e+23,280728.692918411
2.602858844915732e+23,283242.6659782631
1.140291564860376e+23,279432.3263837571
1.654201321295255e+23,281146.7773676511
4.825488567631143e+22,275410.9649749896
3.539482689036752e+23,284637.6337343686
3.785022962107381e+23,284965.7327335855
3.44814692279316e+23,284546.0939296061
5.552548332196132e+22,276046.6766273476
3.224055723861775e+23,284256.5057453826
2.515429873528253e+23,283057.5311605034
1.216343327116087e+23,279732.0402521016
1.331562963004194e+23,280165.1218525946
1.597740877150731e+23,281014.2597173799
3.661464118696515e+23,284801.0821419898
2.53701640537538e+23,283128.8083380089
1.65425503131012e+23,281110.2307976064
3.297101465505841e+23,284385.4284320674
4.840302265738857e+23,286079.4409387645
8.714440291438707e+22,278154.0129635927
3.598466685275379e+23,284719.0533313575
5.423514012295192e+23,286649.8210124957
3.69305325876251e+23,284877.7129071678
1.303080759434823e+23,280057.0949859462
3.821802022821821e+23,285039.0434750315
5.293664853922804e+22,275872.5893167877
1.844440410801329e+23,281661.6167367521
3.808805449111967e+23,285011.1522153865
8.314459619417808e+22,277965.7864939374
2.040234845923359e+23,282052.7555966658
1.113400799080335e+23,279292.749770042
3.476419039665551e+23,284587.8984271517
4.12989733001445e+22,274724.4744819109
7.860038154566481e+22,277662.9650930195
7.967996081458746e+22,277792.714546871
2.443176746812062e+23,282952.1125517288
2.678272242032344e+23,283383.6336143607
4.780128286275971e+23,286056.0104253094
4.425816752989577e+23,285691.5973472805
6.183342496860906e+23,287232.7881296288
3.972087505498328e+23,285182.9419243854
1.351653806513645e+23,280218.718077703
1.299899079030524e+23,280038.342701523
3.573717217967981e+23,284698.221388911
3.080121136479409e+23,284023.9307517931
1.803938585461573e+23,281515.2299147399
2.655240567964309e+23,283323.4488641911
1.884524969634448e+23,281749.6792396467
1.60317645387296e+23,280989.4926392754
1.652225615391015e+23,281156.1000214424
1.632004487105879e+23,281095.3796929313
2.716683961612049e+23,283438.9400355946
1.479170494519281e+23,280639.7250765224
1.715696056325362e+23,281309.7412464303
7.14841042367745e+22,277265.9292027777
6.263334707145987e+23,287327.3223585496
2.84534773292057e+23,283641.9820093695
1.491896055220115e+23,280673.7926892463
7.493506804601042e+23,288150.76586266
6.896895571479537e+22,277069.5178786209
1.536867278935519e+23,280769.0547251671
1.360497060562731e+23,280238.3586488815
2.361641974377476e+23,282765.8647589311
2.295057881291142e+23,282654.578933267
4.752758709536942e+23,286017.4818185149
1.394072809853545e+23,280352.1154150668
1.642919924931565e+23,281095.3871920455
1.810916085295467e+23,281546.7398622962
1.556638819463964e+23,280815.4867794176
3.493208218314777e+23,284596.6888337272
8.567627344862665e+22,278105.0584639821
7.655028690512524e+23,288219.5544012592
9.556931348299314e+22,278603.516241023
3.499529316296525e+23,284572.5708717067
1.943852549413477e+23,281894.8166479432
9.605832087520963e+22,278637.1457191563
1.024991136300931e+23,278932.5580607032
6.445243231878957e+22,276798.2147210678
4.756108325978454e+23,285998.2988839335
1.362454336369552e+23,280272.4620862838
1.996019838675261e+23,282039.6500768432
9.203906525357269e+22,278456.919695756
5.303514540673162e+23,286555.5398673163
5.283404767935592e+22,275849.2912546375
1.148205542627403e+23,279431.941001746
1.278982683725681e+23,279935.1604237963
8.892964215401342e+22,278281.2576298523
1.037280446687643e+23,278981.3473526493
5.116788800760948e+23,286369.8450526322
1.653741973012187e+23,281124.3685058898
2.605150464573346e+23,283264.9523463089
3.046383160365992e+23,283973.039555757
1.902181184632819e+23,281789.8304238005
4.943023619681446e+23,286176.4158751976
1.927494113765006e+23,281841.9675380427
2.187747087330231e+23,282451.5983923079
1.441304921106817e+23,280503.0167474109
9.012797939265326e+22,278318.3233220474
5.0666583761493e+22,275658.8177873653
3.589075932485739e+23,284756.9445810952
3.345365829290208e+22,273753.6005676411
1.718133322262262e+23,281317.704978172
2.037564934485665e+23,282114.8791991571
1.345732691792889e+23,280177.8862363303
1.98912022077324e+23,282011.1083369455
2.363253765417647e+23,282783.3126689949
4.138042897570512e+22,274700.9716906776
1.569202100929163e+23,280907.5178016721
1.423129900332276e+23,280445.4076305126
2.441792350758298e+23,282962.3769161769
2.27223787357961e+23,282604.1326624694
1.775726871030887e+23,281470.5810214735
2.332431751252182e+23,282777.1632638395
1.915116459500785e+23,281815.4893874487
1.811805443031967e+23,281547.0702130729
6.139440431608004e+22,276548.1879219179
1.484317220227065e+23,280653.746392478
2.173890330168968e+23,282396.1833782481
6.992683406525866e+22,277173.6904776533
7.372154292397937e+22,277373.5408353333
1.998794037622507e+23,282048.7650653006
1.260687660008295e+23,279918.1106660798
1.542334571042756e+23,280818.1138096884
1.04641513770077e+23,279033.5120249839
4.298012839886939e+23,285546.7470194555
2.683605757562205e+23,283373.1132882927
1.75839181743077e+23,281395.3549048732
3.259201244676511e+23,284281.8243014638
2.864360675533922e+23,283685.0501677786
2.776191801259165e+23,283525.5785404965
2.198329479434911e+23,282457.2221032087
4.809419111720414e+23,286083.5826024849
4.484144554372525e+23,285773.1204242066
1.657590416132608e+23,281137.5464574501
2.911539366007074e+23,283760.478331035
3.700811325410672e+23,284896.9099355985
1.13388846365843e+23,279399.9191859862
1.62233583652591e+23,281065.6046718809
1.176385996012667e+23,279590.7727472889
1.333947715242632e+23,280125.0192000945
6.188932271337103e+22,276571.8084747774
3.17093528244094e+23,284118.2705882557
2.202490848415747e+23,282497.846226886
2.625054987872589e+23,283308.7622170969
2.199705475730323e+23,282477.2236488678
1.420079097514264e+23,280422.3679910832
1.138813145450757e+23,279395.7158786693
6.074390564993779e+23,287168.9025897974
1.370186524807488e+23,280270.2745545222
4.840513600541369e+22,275460.1843723371
5.764030492175706e+23,286918.4901398504
6.260768837120372e+23,287288.3148173016
6.37180360515547e+23,287401.7539668216
2.579920869974141e+23,283206.112728574
2.796764590670989e+23,283565.9571042191
1.029204259337058e+23,278905.044840129
2.030935309759967e+23,282105.9192628199
1.060463220843172e+23,279072.6622256879
6.232436402810985e+22,276640.8861174822
8.541490614565638e+22,278102.3361216154
1.631970223266905e+23,281094.8550319925
2.270558337896138e+23,282598.0969800661
6.963673043790885e+22,277114.115848981
1.632509464044797e+23,281122.0224240805
4.634576000721221e+22,275289.7129031861
2.189082623775828e+23,282412.9054174912
1.984865505316174e+23,281980.9253513595
1.888819937782483e+23,281767.4147408986
1.183081831410492e+23,279591.1591255404
1.702906737896085e+23,281289.2117387545
2.859624439903198e+23,283694.7642860799
1.538148932836491e+23,280804.3917781216
1.00894557755953e+23,278857.5175282591
3.362047444963324e+23,284434.1628631806
1.147504368294562e+23,279438.489116277
1.125257171784995e+23,279368.69416071
2.057261013354028e+23,282156.3425187061
1.675206740166671e+23,281254.4085893757
7.169878086874967e+23,287903.2997088854
1.390385945625532e+23,280324.6108765525
5.351303193059559e+22,275930.0061799648
1.510599549436838e+23,280754.3618056471
3.319811222222694e+23,284360.7786970034
2.632811296999628e+23,283289.3309990529
2.826854685972524e+23,283625.419644351
4.41289436842842e+23,285666.914193452
3.675282883668968e+23,284858.7862128199
1.906356487774264e+23,281807.6112882495
5.886628215874141e+23,287004.0999826174
4.56612421990471e+23,285819.5390419905
4.089433846738638e+23,285339.9374692907
5.786842922662269e+23,286938.5551580663
5.654263224257116e+23,286815.7943535743
4.730382957905986e+23,285999.8606577181
3.631280668657639e+23,284833.1500945279
1.838001365567508e+23,281645.1529023622
1.737324869051162e+23,281367.002468021
2.085789325002426e+23,282232.2056560976
8.892153676407298e+22,278271.9001777038
8.879360685465511e+22,278263.0417693569
2.47061977874e+23,283011.546221674
1.203237190699693e+24,290305.6551823097
3.274336027926491e+23,284278.5813422598
4.332981804390832e+23,285582.8342295443
3.403142706964268e+23,284475.8435763618
2.002648781975441e+23,282028.8405382625
3.513339374635749e+23,284661.6741790592
2.812915044732029e+23,283589.6616872887
1.261067853397461e+23,279864.0884480079
3.870454891639059e+23,285080.6309545861
9.794561830254082e+22,278698.5032509129
3.367947888247219e+23,284430.2748268466
1.277372215745329e+23,279941.5175830434
1.538083289236663e+23,280796.384030023
4.025527953478383e+23,285258.8179997375
8.171478011996677e+23,288527.9579771662
5.301047565521406e+23,286503.0579996578
2.802901699447868e+23,283609.2561593569
1.027773699591398e+23,278921.1445069107
3.227595187821741e+23,284245.9153247041
2.19873980949698e+23,282447.6255207288
1.608153021051643e+23,280996.5028251666
7.574325504956242e+22,277528.0425676822
7.960515456031222e+23,288432.5546960392
1.605231232431681e+23,281021.3375812006
1.129158266927541e+23,279384.0494595143
1.764695749774372e+23,281454.365751699
4.489786697608162e+23,285760.8823728142
7.744448027649528e+23,288274.0592317328
1.942690204322801e+23,281912.8388942003
1.341012299247433e+23,280173.1692165707
3.589065114179196e+23,284729.8820346171
1.156554730330625e+23,279490.1472980712
1.541692272698096e+23,280827.9916015735
2.368184209204746e+23,282810.4040298692
1.581283730974041e+23,280951.5092939639
1.411443348826013e+23,280405.1602657913
3.624484083729961e+23,284782.9782893206
5.717739047878962e+23,286868.8124990208
3.747871428700349e+23,284936.3872434012
3.348002024548587e+23,284387.1056146635
6.768476098646461e+22,276979.5786434741
1.235732652813409e+23,279801.9570644473
1.750986751528093e+23,281419.5438859848
1.485374235813853e+23,280634.5134492212
1.632047075282144e+23,281096.5036523681
3.809397973856231e+23,284997.1994985548
1.344619002905148e+23,280152.8116422324
9.848094299997086e+22,278720.1528393537
8.064727893163831e+22,277810.0566642096
1.026665491499745e+23,278941.7089704797
2.022874946481802e+23,282067.0828963803
3.158587664382188e+23,284135.5474605403
3.773427148375368e+23,284954.5533208721
1.401314979485301e+23,280374.6660962783
2.802591451674904e+23,283541.2289666671
4.789801496360613e+22,275403.8629505574
3.221848706379559e+23,284241.1468859642
9.855860908557995e+22,278756.9448764161
3.478933587367274e+23,284578.8463320874
9.286313357286825e+22,278474.791368235
2.225278484502093e+23,282529.9499883526
7.01628540359162e+22,277173.6646807345
6.285806297916903e+23,287375.9495135573
1.548726792206893e+23,280878.4475304004
1.300333999615003e+23,280054.9925274423
5.141673881065558e+23,286403.8744074232
1.262401077992279e+24,290543.3898999791
1.6192644217396e+23,281058.0316800402
2.52272990243221e+23,283073.3971571487
3.024068476375796e+23,283965.7254268426
6.847001348227368e+23,287700.0275521769
5.325628799123771e+22,275880.9417197052
2.578110777334005e+23,283213.1924767834
4.32276470312874e+23,285585.047459232
3.877487644543059e+23,285061.9708494
4.39152747217701e+23,285676.7341977409
9.573078033272057e+22,278619.2259971094
4.212596012160213e+23,285486.6790082519
3.023666853506532e+23,283954.1802637131
4.587301421088398e+23,285862.9063952661
3.558326271468803e+23,284679.0965263876
1.769311354266537e+23,281441.5143829929
8.463480317473354e+23,288652.7797317295
2.628716588268481e+23,283280.2392738967
1.010895482648243e+23,278824.2156534519
3.087349961190034e+23,284039.1832711478
3.180024234305696e+23,284192.9642707746
4.541509236715597e+23,285814.608414612
2.180753227469285e+23,282436.4578363547
7.743945233758649e+22,277618.7561100133
2.169197242469032e+23,282401.7556360018
2.458486961522764e+23,282997.1887071312
2.350454759282803e+23,282744.913263835
4.273014658982002e+23,285562.0186293923
8.325538112330227e+22,277979.8811410392
2.16659300666663e+23,282383.6462738847
2.617667051687006e+23,283263.5199000323
4.667055277538897e+23,285935.4701885038
1.74894900575877e+23,281401.6663500055
2.820052306264386e+23,283638.945742787
1.043808170590776e+23,278996.3361498949
2.406523939962014e+23,282898.7275663053
9.905472892179807e+22,278777.0506337166
2.251641350578251e+23,282583.9289534871
2.0555061669388e+23,282147.1744072994
1.306715621699167e+23,280065.3026649188
7.470002333725022e+23,288108.7930285262
1.019625219962677e+23,278894.5684352703
1.261252021921328e+23,279887.0891345453
1.375123377960255e+23,280301.0344552798
3.743428718043507e+23,284928.7955243443
1.720334604801492e+23,281316.7947679153
7.549542393087562e+23,288185.4270304564
4.275772458393152e+23,285546.6272585884
1.226490889890444e+23,279781.779248056
2.409549530618007e+23,282889.5530831751
1.952656128875205e+23,281921.3580026227
4.031044138890289e+23,285246.6642051705
3.137125384079481e+23,284087.9816944163
4.783485148075181e+23,286037.3059801852
2.448588185942927e+23,282943.4088314619
1.011568156066294e+23,278831.84659179
4.916015107960209e+23,286223.7132386556
1.481706456057393e+23,280627.0656609811
4.730347166996015e+23,286000.0333039236
2.978256002407838e+23,283860.6880929793
3.637604319730087e+23,284780.9712096811
1.483149103653286e+23,280609.2551453349
1.876143917368679e+23,281746.9597351078
1.06670019640288e+23,279112.3259396596
7.914689935696806e+23,288421.2615352424
3.984127278190739e+23,285248.8798353764
3.025496305213772e+23,283928.2281281306
1.705356556166959e+23,281298.0545873645
2.072997786636941e+23,282202.3757246588
1.454987635971009e+23,280514.1369962739
2.20027550423941e+23,282462.5319076403
1.656547594250404e+23,281173.8712990489
7.948609698693488e+23,288421.5764448659
2.861128096768677e+23,283655.20131288
2.589434088961215e+23,283207.111559819
4.490399806565515e+23,285818.3159576055
2.21894367943977e+23,282499.0981042524
2.873335150585578e+23,283705.869803531
1.133315416579411e+23,279432.7879431855
5.083110170375585e+23,286344.2920650194
1.965921567169655e+23,281928.9523722155
1.30896280433756e+23,280063.0863325732
9.303097196218319e+22,278444.0416087142
1.900078782762123e+23,281811.9329588993
1.083757518055254e+23,279204.7602868939
1.732698148894021e+23,281381.5558015618
6.043089031406464e+23,287132.6610549795
9.52641776190103e+22,278558.9856081154
3.014913495040581e+23,283922.7842944748
2.574794442260253e+23,283180.9844839864
1.133309447144238e+23,279371.5852229834
1.722276073750087e+23,281323.0725678409
5.139873546098007e+23,286411.0910007112
1.42034974928119e+23,280436.1830218709
3.137447959085291e+23,284112.0953049031
8.835289173723066e+22,278248.4635478662
5.60205922685645e+23,286792.9625035222
2.496420255282451e+23,283083.7576984403
1.22875709436636e+23,279762.3593658231
1.370634635667591e+23,280247.3918776295
1.298002702843369e+23,280018.3606333489
3.367172952826135e+23,284421.7836039679
7.931261035725399e+23,288425.7466454265
1.37108455224074e+23,280299.0235984616
1.414531655749072e+23,280394.7201902603
2.087047001393112e+23,282203.3441602498
3.580202876751841e+23,284756.4569072147
1.742534869859614e+23,281370.3601260629
1.715811198888316e+23,281297.7591105449
2.193429280210021e+23,282430.3024964731
1.654778895144075e+23,281143.7641488491
9.191019349507851e+22,278428.2258106681
5.373523751762623e+23,286610.8746229337
1.99133817399392e+23,282004.6109065969
2.023616606312439e+23,282073.3229644874
3.816119963808441e+23,285027.8330113249
2.040175757930921e+23,282114.5456732654
4.212583921717298e+23,285456.2255798294
2.9483573743215e+23,283823.8128555643
2.451439582795502e+23,282995.5118845014
3.317532336807199e+23,284371.7054094918
2.276016045909331e+23,282674.6696306949
2.736521177171503e+23,283466.4628284138
1.341971146243625e+23,280152.7523289514
1.503563242889685e+23,280705.715254364
2.524753087252383e+23,283102.3981628374
1.442877152242748e+23,280506.2074715451
4.412645761029525e+23,285682.9619560843
2.834800986727438e+23,283637.1281397629
2.114611988888368e+23,282281.510323746
6.332236038947468e+23,287372.0597060457
4.726559048056056e+23,285999.6777847959
3.643428592628037e+23,284790.4720702445
9.255646258024674e+22,278442.3027017163
1.298015725428618e+23,279997.5803121023
2.694674796619101e+23,283377.8616528242
4.929264546761295e+22,275528.3203478879
1.947738795992653e+23,281943.8618160465
1.424076236246357e+23,280475.2829872946
1.464670673036512e+23,280563.3767924181
2.05066113272506e+23,282150.7215171563
4.438367066846905e+23,285732.0236209815
4.877011195150764e+23,286144.6968921513
1.942064714988608e+23,281864.8674086962
2.736770274609298e+23,283451.830477564
3.154937473360904e+23,284137.0608266619
1.633020785997435e+23,281081.0437771394
1.623354649142149e+23,281068.1039881195
2.162265457122748e+23,282420.8218912819
9.129396148816819e+22,278380.9824522268
8.984755294431652e+22,278296.18598015
1.351823921468343e+23,280190.8215157343
1.896762433313633e+23,281742.0293714104
2.85399914327894e+23,283641.0007619682
3.824267719554167e+23,285006.3747059342
2.509894198369977e+23,283079.4453308515
2.326533055291288e+23,282724.6099244863
1.270577998073025e+23,279936.2310547977
1.799291725767362e+23,281516.5221719665
2.331970323411865e+23,282758.5385240874
1.469078202625836e+23,280613.4701748594
3.018699638963564e+23,283941.4363798989
1.350247780688844e+23,280224.233400654
1.21595238689767e+23,279711.566849435
2.133966773646325e+23,282311.1085024804
1.100185734704295e+23,279277.8539916063
6.529581701078762e+22,276816.0992873942
2.16636952714026e+23,282435.2079995892
1.763240932251747e+23,281428.7806132789
3.676979256989349e+23,284877.6313718854
2.314933381942551e+23,282705.3580660208
2.384266194008237e+23,282824.7870081064
2.995132244478396e+23,283913.9148382937
3.308304477521215e+23,284375.7629702515
4.802701932828205e+23,286099.8335944887
4.210521744681241e+23,285483.7623960814
1.852742795428697e+23,281634.9498701935
1.026900309668568e+23,278924.0481734093
3.195569677035651e+23,284202.2665997421
1.202151497107702e+23,279627.6253038961
2.39797722544635e+23,282855.459277578
5.20150375026354e+23,286460.0926114706
1.282126729794771e+23,279975.4312308966
2.93587873259889e+23,283812.0194840032
3.706433536514504e+23,284887.4366376931
4.630861989321411e+22,275276.5195524996
7.659118011812633e+22,277547.6897627552
2.451756366683568e+23,282976.738573728
1.782156919537399e+23,281450.8903056184
3.577486918004339e+23,284722.3095075698
2.177720679699529e+23,282441.765886719
2.56063726181494e+23,283171.8094097436
8.236423898198795e+22,277873.7750592086
5.647090619914446e+23,286857.0270095887
1.448642792332993e+23,280533.5545610042
2.628063001360371e+23,283304.4813592877
5.23965033525526e+23,286490.8823784341
5.99023358511462e+23,287129.9389632213
6.521987691520553e+23,287520.7179921481
6.485847779877107e+23,287503.2725435979
1.239877752759569e+23,279778.3213811824
2.533168535025196e+23,283093.1715194987
2.506815086012585e+23,283084.924134089
1.045597575665347e+23,279013.8630242014
9.383055277107413e+22,278491.0779964044
2.571584952034909e+23,283217.6295692601
8.846046668136921e+22,278224.9970898223
4.741699042694194e+23,286000.0062669894
1.792168020866059e+23,281502.6878835896
2.617123401277201e+23,283256.1039440022
2.339694300405122e+23,282752.9452832295
2.031047143324237e+23,282112.4495446988
2.433420295841419e+23,282937.111508983
2.099453941686684e+22,271611.4858838614
1.148437300500767e+23,279400.9700144855
1.385097313744312e+23,280320.5047169072
2.938861959070431e+23,283806.5732547276
4.762365559816763e+23,286014.1855778033
1.943954255009502e+23,281899.6310971669
2.58943086168835e+23,283259.191189352
9.063510672506936e+22,278332.8278737278
3.503036917372443e+23,284640.9246839515
3.485740593994108e+22,273937.7450056563
1.00154568188105e+23,278832.2837621984
1.247165350758165e+23,279840.6447411802
3.5830766230279e+23,284729.6810231793
3.783066148363831e+23,284962.5120170725
2.162030482979418e+23,282387.1713669531
7.683262354482462e+23,288263.6488040475
3.056331928263618e+23,283990.8029077291
8.678620300864499e+22,278178.3526927847
1.876378077646423e+23,281746.7253416034
1.443121886176962e+23,280523.8196787299
4.127089727918384e+23,285369.8117914347
5.46039651520144e+22,276010.4343448808
1.392006963226978e+23,280373.1501437027
2.357501484347892e+23,282787.3923675786
5.367163706074548e+23,286614.5206718781
3.728227443591877e+23,284899.4430598081
7.864715584993221e+22,277701.5632959905
2.030197455337264e+23,282116.0867059734
3.58700793339738e+23,284757.1362600891
1.405832113466516e+23,280354.5447765107
2.35288726620194e+23,282789.724501319
2.297571605199344e+23,282682.2947847064
1.558662904376341e+23,280887.2854642186
4.967550081423861e+23,286274.7216182725
8.60363537791672e+22,278118.6657279716
3.296038040342371e+23,284323.2277597702
2.6901513008821e+23,283354.2657605712
1.48153407964767e+23,280632.9544741136
3.536859096012714e+23,284638.8635437213
2.512243636303525e+23,283119.4361834581
4.995885834788965e+22,275597.2255034601
2.907628471765854e+23,283776.9045959692
1.864605445629109e+23,281695.0768939692
2.125507303010034e+23,282320.2312167949
3.106624730265667e+23,284038.6028572738
3.596132738082211e+23,284717.1502981253
3.212350390276516e+23,284232.6762306201
3.289385370048473e+23,284307.155753286
2.583076456834334e+23,283168.0409444148
1.051102956545123e+23,279037.0155501663
5.548946072289591e+23,286763.8004936498
1.505620815583561e+23,280691.35155879
5.91725886407927e+22,276382.0351763101
1.370419157096008e+23,280298.5773590828
2.38387780930044e+23,282823.7766747841
2.028350532016752e+23,282101.249165367
2.347046751988303e+23,282794.5445744942
6.310410271177239e+23,287341.2930498215
3.737155172716465e+23,284920.4576342115
7.02620619968076e+23,287866.6518505585
2.079503626520504e+23,282167.6534703509
1.73724267033422e+23,281397.4439505524
8.612297847518737e+22,278134.011941028
4.581344902097388e+23,285884.2584612173
5.405061764216297e+23,286646.2726261154
6.630829125659354e+22,276933.0505926111
1.684792432902029e+23,281228.0729771166
3.221731750705861e+23,284207.4515778224
2.774806764678244e+23,283595.7459015832
1.353488191432144e+23,280224.6594127611
1.433358364521331e+24,291145.6366521741
2.073802467885354e+23,282169.0582141366
9.99135726596974e+22,278784.9215152225
1.600135943725676e+23,280943.4954809273
2.984723353137345e+23,283872.8345834825
1.650209761419519e+23,281127.4491118888
2.629877612794021e+23,283263.6169686444
1.075683438663572e+23,279158.5214320847
1.410380042948501e+23,280411.0952735852
1.958863664146918e+23,281938.7231507165
1.233979032769918e+23,279797.9496662942
1.138553299485026e+23,279439.5250627988
4.884592428401506e+23,286149.5995245854
2.475839357551735e+23,283007.5528750609
4.466774561120905e+23,285753.2995428607
3.811810279862394e+23,285037.5178246332
2.261721514077893e+23,282617.8228509573
5.792075148775644e+23,286955.8059387561
2.419446909141791e+23,282920.9839414503
2.780875179023599e+23,283569.7130634252
3.999354295154511e+22,274587.8010012264
1.479272815021816e+23,280617.6767513234
8.066505830428629e+22,277842.7994366041
1.73243425344758e+23,281366.9435463833
1.642214503658676e+23,281130.2930642955
1.18275425761338e+23,279624.2239106115
5.767633326399131e+23,286904.5830162728
8.35160740876571e+22,277961.0755789161
4.408327129945489e+23,285646.370972424
1.954244061304124e+23,281896.8894383505
2.425085306856274e+23,282924.3626214722
1.722256062650407e+23,281334.483881798
2.136600632717287e+23,282299.8766384362
4.876723813627129e+23,286178.5195983443
1.34519931966713e+23,280216.6476399029
3.476881799514801e+23,284561.4790763505
1.597250749924724e+23,280994.9349788362
1.370837781513318e+23,280290.8256963681
2.238895988688179e+23,282516.8298328815
1.79699985105211e+23,281512.0740811795
1.575269506245025e+23,280904.1862515915
4.928937274821569e+23,286203.7932018276
2.679069443221107e+23,283387.991221762
1.911280710992639e+23,281768.20591632
2.709695422927368e+23,283401.014486641
1.507149480557632e+23,280690.0298896486
1.303872211122668e+23,280021.7706584923
1.053970556728942e+23,279087.5900768994
3.94513954467739e+23,285144.6375940514
2.48107587832548e+23,282998.628428257
2.509310140063289e+23,283061.6375425438
8.020676577322924e+22,277824.8028672371
2.268835002473063e+23,282588.4044545297
5.068875773122581e+23,286335.6473353949
2.350173705126047e+23,282787.6915006895
3.335016104152115e+23,284382.615956207
2.011533459469481e+23,282062.0661039386
4.548972564642764e+23,285847.3314249962
1.016509514517519e+23,278906.9301000999
1.788111247342417e+23,281488.5910850136
3.059619850604936e+23,283976.937467766
1.189194947853635e+23,279610.2762231611
2.693612240574706e+23,283404.9673479607
2.70660725969035e+23,283466.1564300125
1.642846953089981e+23,281090.7994199705
2.381227104352167e+23,282840.0246457226
9.861847977020917e+22,278751.1129003839
2.134120610339723e+23,282343.6814670684
1.55503131886767e+23,280855.5219198511
3.126340256284989e+23,284091.4913493656
2.525899880449532e+23,283135.2630654096
3.242561500345018e+23,284280.9421113071
1.59671460985225e+23,280994.7958344899
3.309772404806529e+23,284361.4380040733
2.338026319177355e+23,282733.5192316246
3.157030821522761e+23,284124.184440813
1.697441613452976e+23,281243.6712037964
1.266684700254929e+23,279902.9607305287
1.349129668334335e+23,280238.277031809
3.528169768927416e+23,284667.4696908708
3.059556224943662e+23,283967.6832229845
4.465345917335853e+23,285733.5178471481
2.040586523427545e+23,282141.002992983
1.341410508142138e+23,280210.0092781796
5.693133421169082e+23,286869.4990108552
1.878743921890162e+23,281769.6670380579
9.128048102994088e+23,289088.7246350599
8.672381225747838e+22,278171.75132653
1.12980648901864e+23,279374.0262600217
1.279854111342725e+23,279949.7931138397
7.104538417126374e+23,287898.9919148065
1.637348758782783e+23,281083.2436662811
7.491505876344319e+22,277520.2227559567
4.002471887263561e+23,285230.8363254181
6.826358017734168e+22,277068.1928345104
2.724394945694757e+23,283454.7880420291
2.292814619829501e+23,282698.8490201544
6.395930572386572e+22,276747.7357481
2.614429431227139e+23,283269.14542526
2.686140887051891e+23,283385.0043853601
1.143140116706202e+23,279402.5043935705
1.831104390606857e+23,281640.7457429782
3.233727655519802e+23,284238.9510698478
3.228949329219654e+23,284236.7263603596
2.344961707711342e+23,282778.2360003823
8.982408726691135e+22,278327.6277284719
9.560774287406742e+22,278629.2119336963
3.349988892442387e+23,284437.0045629952
1.516246421756361e+23,280734.0041617996
4.535066421625869e+23,285806.9952364938
4.447028740515724e+23,285724.3464812675
1.307408925898688e+23,280089.3348903094
3.219549759479103e+23,284251.317971984
3.482166355296608e+23,284550.0921220477
2.156795938877269e+23,282380.540281181
2.330469738357231e+23,282752.8280622796
7.801770189869481e+22,277652.1441967647
3.447109263345055e+23,284542.4826666201
3.211264599092378e+23,284216.8643164514
4.655440003336963e+23,285946.5771159361
1.630556483921279e+23,281048.8780637692
4.210154861207838e+23,285481.0763060051
9.908019763337732e+22,278786.2341922051
1.181783230455274e+23,279566.2470285446
5.398112247339491e+23,286602.7470374643
1.417253203473653e+23,280442.6593582284
1.151920671078592e+23,279466.0620981336
1.413398055131122e+23,280421.6130435038
9.92763693175192e+22,278759.7823235904
3.144878982237253e+23,284123.138073253
9.515820081130424e+22,278582.211723164
3.360662979261159e+23,284413.1901622356
1.756241679780818e+23,281418.7160710699
3.944861409362045e+23,285141.2347454008
4.03237938676958e+23,285304.064626023
2.005952862921528e+23,282040.0151051225
1.421906203956668e+23,280448.7939372958
2.977190386103947e+23,283848.7428828898
2.078604066360556e+23,282208.5546334328
9.543168631237095e+22,278580.7088148254
1.549643162391815e+23,280801.7867316114
2.083339193832455e+23,282214.5360624823
2.361968879045139e+23,282801.6729539727
3.121741805137266e+23,284111.4241833336
4.011812452436399e+23,285267.6598808561
1.318694712219886e+23,280133.3175104746
5.467776468908065e+23,286689.6349523228
2.24227580239961e+23,282587.0227730795
3.605330040499e+23,284712.9225587478
1.279170998245697e+23,279967.1449073038
2.119607273437605e+23,282276.8032013814
7.179850654560403e+22,277268.6941697103
2.543692009691283e+23,283162.463707353
2.345619375811218e+23,282746.5013893596
2.089384417643142e+23,282193.1036750599
1.778697870517816e+23,281482.882183263
3.878660703932688e+23,285076.8322461876
1.156602106806101e+23,279495.2934585538
4.208228794445057e+22,274833.8458297774
8.040550009014209e+22,277798.5032939384
2.202297291865904e+23,282436.277564956
3.064581812063622e+23,284001.9089675743
1.074553839881901e+23,279110.3015707154
3.275697289556799e+23,284281.2685182815
2.27717241222463e+23,282609.332984803
3.816465705115938e+23,285004.8128388722
2.487274563422849e+23,283036.3524044275
1.889197868538775e+23,281769.0630875318
1.13207051365072e+23,279397.8149498364
4.581601747560174e+23,285835.8696108351
4.916735105218234e+23,286182.5754650463
2.957705201657605e+23,283792.8522770336
7.339996361297098e+23,288030.5565708985
2.736549848927394e+23,283448.1054331827
2.105249585094411e+23,282210.4623696842
8.437800591983756e+22,277988.6733050501
2.726040112613868e+23,283449.5008584582
1.046446788099604e+23,279032.9463122534
1.358371390475548e+23,280232.6147800627
2.033872980784749e+23,282131.4143287655
6.005682860859882e+23,287102.9186362492
4.807709051280238e+23,286088.8849379184
2.73044279996297e+23,283437.187616148
8.046688288713647e+22,277766.9667272812
2.121205453873013e+23,282252.376375173
1.657536242876748e+23,281159.7604402573
3.062835855964607e+23,283979.6525210129
9.906419436394027e+22,278771.5842321903
4.078867849061372e+23,285328.0937746344
1.710510394000991e+23,281292.2212666629
7.097475033612433e+23,287873.6492130419
2.560300137334625e+23,283182.2547262441
2.037589848042518e+23,282122.5491193761
1.239303324161041e+23,279819.4921727498
1.827758566379056e+23,281632.7364626693
1.483200999573875e+23,280667.0555914075
1.219186254009137e+23,279740.6593145938
5.657644252953824e+23,286838.5733586286
8.17439656718158e+22,277880.212726941
2.0807321672727e+23,282174.9731474853
7.480168356839726e+23,288118.9455697372
9.498316494054585e+22,278550.3448258883
1.14753575326773e+23,279414.304285213
1.866015387679869e+23,281718.8379320257
7.057374484091293e+22,277171.0873443895
1.635957868784444e+23,281074.4982415719
2.174450824792526e+23,282411.8150296318
9.781999772009117e+22,278725.7419937941
1.090368379524371e+23,279223.6142101585
3.043157111367598e+23,283982.8625204955
8.755293884575814e+22,278195.2448513829
2.508385443701893e+23,283057.7498703821
3.87767816558512e+23,285108.9582522125
1.052415928235019e+23,278992.725197506
6.03397464200759e+23,287168.7784137934
3.664672375633493e+23,284803.811766356
1.127423044721884e+23,279396.0709534035
4.582736910256669e+23,285891.7839387237
1.006865426027017e+23,278857.98166246
5.670935947854254e+23,286828.0343224417
1.361675580493927e+23,280226.3837852773
7.07722562796028e+23,287896.6633200059
3.22376115845814e+23,284230.0734677797
4.290410660546682e+23,285572.6513274665
5.122607020140237e+23,286411.4521614761
2.506575543440348e+23,283034.2374977658
1.000253044293272e+23,278801.3005668382
1.968927311833254e+23,281988.6274800445
2.470750549349149e+23,283002.404838643
1.394176564222615e+23,280364.5804165843
1.363675295141023e+23,280235.8380424442
3.251995682613783e+23,284266.3835680259
2.256912530611833e+23,282575.862235563
5.507718909481806e+23,286736.1780538148
7.509012429424363e+22,277496.2438292649
1.574826244216418e+23,280919.8125024629
7.670837561185178e+22,277573.3745396767
2.337075814761582e+23,282741.1239880651
3.791465833955438e+23,284958.894126496
2.172235609111106e+23,282360.9331684823
1.318394270383772e+23,280072.9228200654
2.684468248071501e+23,283372.6122214725
1.384622011024793e+23,280291.475425208
1.476729713967121e+23,280627.8197798206
3.132958833964895e+23,284121.0370042162
5.114556013345444e+23,286363.1959864883
2.486614638030711e+23,283021.1487032347
2.05688255270094e+23,282161.2046385696
9.787201946023782e+22,278715.1427765361
2.429111915646148e+23,282950.6436557892
2.969068210511862e+23,283835.5056203282
1.103718248452938e+23,279271.1258989799
3.550876855242168e+23,284675.0915710069
1.364335012455717e+23,280249.6730177293
1.527097253731466e+23,280771.7235920151
3.191089652905761e+23,284181.3753927312
1.408180991202553e+23,280396.2443254457
3.271761384296192e+23,284262.5062054729
9.505259865542954e+22,278596.3014243279
1.773373538703782e+23,281441.5248198559
1.526418812582714e+23,280771.5894365713
3.436544227432861e+23,284539.6531468514
5.036134082756455e+23,286306.5452837428
1.274048970123668e+23,279911.3954119026
3.545671679788259e+23,284643.9948541755
2.161505228894535e+23,282396.1935530748
2.21422995199001e+23,282503.2854602528
1.723412177642309e+23,281312.1609183428
1.207643303934259e+23,279697.0863189296
2.056365634035478e+23,282150.7368827706
1.485501112426538e+23,280656.3139035789
2.301339340710339e+23,282691.2136572751
1.080900848207135e+23,279196.5831435146
1.264375366799137e+23,279902.7843205279
1.490395566829462e+23,280642.1123196816
2.596157847016244e+23,283232.2770880111
1.394176564222615e+23,280364.5804165843
3.854968834002644e+23,285068.8167106058
1.185798304768526e+23,279623.8949281133
1.573844460604509e+23,280919.6975201684
1.789148012262311e+23,281515.2691429536
3.795378163996149e+23,284981.7281052532
4.22914162377781e+22,274817.0765688187
2.848779719535175e+23,283677.6107247156
2.927713403025671e+23,283771.0915289681
1.842720719351736e+23,281632.2123872736
3.551632874747422e+23,284709.2633815536
2.684872693709119e+23,283387.6026954193
8.976567637561456e+22,278288.8343114596
2.299612821302003e+23,282658.3182715203
9.527542593424135e+22,278582.7951153367
2.90605192654115e+23,283769.6865076657
5.411294048191691e+23,286643.2378592815
3.037576875157406e+23,283960.539972028
1.002319300428644e+23,278835.680854857
9.291561934046548e+22,278441.6294112757
1.706087164510316e+23,281271.5248992028
1.715202875688231e+23,281277.1684622761
1.323642422266615e+23,280108.4907007646
1.040346898083493e+23,278999.4464517671
1.114949695199622e+23,279330.1893644107
2.40535373798843e+23,282878.7765290093
1.080268396016065e+23,279174.4341563483
6.528796035810962e+23,287496.8689633153
2.484613540853009e+23,283018.3552477625
3.876850033319131e+23,285088.8957584579
2.00953747740713e+23,282063.6224053232
7.034098258704839e+22,277158.4376144825
3.539578345139754e+23,284636.3411473645
1.138479608517203e+24,290045.8723975224
7.15183495802896e+22,277247.3769479179
4.222260412218225e+23,285494.3749803426
3.142990122262148e+23,284104.2372948817
7.417467034930025e+23,288091.3401798349
3.074015521312786e+23,284024.3288598064
1.018469533583772e+23,278929.4221753979
1.016499106986929e+23,278903.3884911198
1.392488573104449e+23,280332.0502544548
3.189064340521441e+23,284153.1689889085
3.80257776503913e+22,274322.5832245987
3.744740274187258e+23,284950.0110520566
4.656287366444014e+23,285924.8374521443
9.450551566778144e+23,289193.5110054851
1.127270826952176e+23,279311.5251053664
9.83247474997758e+22,278695.8033028512
8.421052083676174e+22,278025.9269656918
1.636611407259752e+23,281108.2118445245
4.109548058793338e+23,285351.5147841197
1.358442460024814e+23,280212.7284627319
2.935720851380536e+23,283816.4112045002
1.267652113505604e+23,279893.5582665441
3.116387577553489e+23,284094.4648972645
3.076739556950431e+23,284027.3475801364
3.919177669954205e+23,285119.1399741241
1.039617443796199e+23,279003.2881941032
7.486505718025615e+22,277479.6146550081
2.163802130918483e+23,282385.047531731
9.724235154616949e+22,278692.2520125618
2.060619181926426e+23,282150.8492138374
3.365431382958162e+23,284391.0215847645
9.344993377016622e+22,278472.3740925366
2.892716904271083e+23,283736.9307281297
5.260209491385566e+23,286498.2505125627
3.010334994507914e+23,283938.6649616488
1.419389783129094e+23,280447.0074310475
2.138028773182456e+23,282321.8647347556
5.26468058620697e+22,275843.4960174824
1.515625212478766e+23,280709.8214503148
6.942615310822158e+22,277103.7278392224
6.147947783742479e+22,276581.3326693599
1.773473825102597e+23,281491.2501975772
2.614434272604015e+23,283291.7440454657
1.079701946770662e+23,279181.7883456926
2.645043209986997e+23,283272.8145568442
1.224404150840207e+23,279742.5243308768
1.685321284353595e+23,281259.185105522
4.348466466895473e+23,285592.7681346687
1.902955741002105e+23,281763.77710032
3.621540331737602e+23,284763.4337707077
1.047272747535938e+23,279051.6640199322
7.29634059446803e+22,277301.2238878481
1.680111038181313e+23,281225.1544938218
6.179883068917534e+23,287225.0310856963
1.495335319112226e+23,280643.3739842579
2.378445596466286e+23,282829.8565891436
1.698060619666703e+23,281268.5544014708
1.489698268031295e+23,280639.8334626693
6.566333441933924e+22,276874.5619867932
1.581750454002422e+23,280951.7760850145
6.845875083613543e+22,277060.4357114292
2.613276502647021e+23,283287.7544568275
5.013965792054215e+23,286285.9168920154
2.107106404178258e+23,282247.4872589221
1.744868788035023e+23,281367.4919708198
4.819956087805113e+23,286056.5273065374
1.351624138079051e+23,280191.7210393399
2.024074474421437e+23,282107.0302605816
3.800544777307928e+22,274330.948664006
1.106522622003091e+23,279282.1980209227
3.886070181183704e+23,285112.2630668314
1.584845556021578e+23,280957.0122348606
2.517876551069287e+23,283085.4532219757
2.319099830862485e+23,282722.7990868785
2.357584071778208e+23,282803.9429883486
1.490093694798464e+23,280668.3128862485
1.896937472085794e+23,281794.6793351554
3.935096289704397e+23,285144.5756650239
4.205681771083994e+23,285476.6117707983
2.150036040279525e+23,282350.3292649055
4.870094506466882e+23,286137.4634547218
4.24543354663105e+23,285511.4771201407
7.933980548318884e+22,277772.223066002
7.452750932034602e+22,277456.1356937172
2.21244309136554e+23,282462.7383825956
1.642528089245659e+23,281076.2765903964
8.056984537584704e+22,277827.1335106075
1.488546558092582e+23,280695.9523873912
1.617598221913157e+23,281067.3337575551
1.4447870801064e+23,280527.8106945396
3.105783090600073e+23,284064.0083934321
2.690948799131097e+23,283428.0403559919
3.35651637805703e+23,284417.7502494125
2.056407271223791e+23,282136.8622454031
1.675008676337062e+23,281179.2158560427
2.582528359099588e+23,283228.4963254024
8.391987912731824e+22,277981.3500441439
3.749103646357129e+23,284909.0620354056
6.317781357959274e+22,276700.6228729441
2.82758376012212e+23,283645.096673319
1.590123738076541e+23,280966.8643910958
8.239577809837783e+23,288611.406359819
1.730123114393667e+23,281332.6204122944
3.060295588009935e+23,284027.0729106109
1.296739467424512e+23,279988.8931457641
5.018528292402893e+23,286279.8171826254
3.977432054222887e+23,285252.6389183101
5.893529965878023e+22,276362.0437768039
2.565532455949651e+23,283175.3610269281
1.859751362438298e+23,281681.4620620207
1.631861724689728e+23,281083.732564989
8.549903207082544e+22,278080.2515500906
7.688257469709751e+23,288236.465869331
1.084292690476885e+23,279205.4446911449
1.490288125093795e+23,280668.55359108
1.574257688238688e+23,280909.5189745853
7.572674088874758e+22,277532.3813006044
3.805475222051739e+23,285038.6825176727
2.984442154203981e+23,283892.9451800829
6.041602414588023e+22,276483.5292787587
2.950075544689877e+23,283773.78436174
1.357273872922085e+23,280223.3242833308
4.404938935832156e+23,285695.5474340705
4.891999932804942e+23,286181.104841974
1.685908681546547e+23,281242.8569100046
1.419661595658323e+23,280455.9213071736
1.251568945350271e+23,279834.1711129422
4.313658077418911e+23,285595.030318739
2.771166982911113e+23,283540.1392234605
1.162508216884814e+23,279507.1963493815
2.269563529828431e+23,282593.7734694402
4.633066348673965e+23,285893.8411490902
3.393197713452831e+23,284461.2455586112
1.18236978567401e+23,279569.2114384975
2.822578214464648e+23,283611.9862181819
8.499636238041619e+22,278026.2096178988
6.459218962212192e+23,287435.100354896
5.372984575730406e+23,286560.1575425405
2.43608740732218e+23,282933.6838483954
3.347918992858169e+23,284408.3602861314
1.675232251973345e+23,281201.2561814821
1.350498023735472e+23,280174.9147774066
2.395168634503009e+23,282875.7214712711
1.720212434736718e+23,281316.4026774105
1.015632013810913e+23,278848.0488845475
2.449936403655025e+23,282977.8502316739
5.503557260093362e+22,276068.9594956059
5.18759147761431e+23,286443.3890847361
7.652705061352849e+23,288217.7104805326
2.565776776893296e+23,283205.0153309508
4.059255341727454e+23,285294.3504663547
3.839724782692642e+23,285017.633862287
2.329819406459493e+23,282703.0999182507
1.557199808301548e+23,280828.4491634564
6.408500672151404e+22,276768.0958244694
5.09613445768443e+22,275679.8639278783
4.265162757492242e+23,285520.8463577929
1.339535195154089e+23,280138.5266901826
1.75991406458016e+23,281432.8671526972
2.755251376600541e+23,283478.2677998557
4.031188404799932e+23,285304.8201766404
4.791055754362015e+22,275390.8426752721
2.338211277281601e+23,282752.4365186531
3.15884644180318e+23,284127.5516493916
2.530083384497892e+23,283078.523814942
1.007356755479377e+23,278829.3982825229
2.789523798753504e+23,283566.7227915243
6.430434448204018e+23,287413.7599318562
1.720950835771669e+23,281328.9814789766
4.396266949170496e+23,285663.9129092587
2.383579947949554e+23,282866.868916777
1.597986028242163e+23,280964.3657286194
6.157822042132222e+22,276568.7405326769
2.441287417984994e+23,282964.4317391549
2.363522542842074e+23,282789.7232823303
9.499454940487649e+22,278593.4179508153
6.715789075964413e+22,276955.0897464565
1.216000875659655e+23,279714.0686395973
4.224395959658835e+23,285472.8813999515
2.635326968151442e+23,283321.4561023245
4.030819605982438e+23,285226.6893175181
2.940738876308897e+23,283761.470962611
9.950401696790086e+22,278792.3726078072
1.203477226167759e+23,279689.9945832769
1.878230773469053e+23,281758.3464626994
2.110247387216368e+23,282296.2000066958
7.358544993794277e+22,277415.6518902368
3.883303512538803e+23,285109.7067194845
3.169016077134856e+23,284165.1229362883
3.074853919630346e+23,284016.8252502214
1.072252620876656e+23,279102.0366440797
1.667287304877434e+23,281179.3632062693
4.107730576956888e+23,285350.053968717
7.30330067809492e+22,277360.662848514
4.292005342027845e+23,285567.6168040513
9.922691188604829e+22,278791.3594841516
5.480183332027426e+22,276035.5316605318
1.391429296932159e+23,280371.5065850539
1.801687221696855e+23,281515.9196680365
1.704347865348961e+23,281283.7556392412
2.565654876172325e+23,283220.5700733965
4.336968600720056e+23,285609.9132505389
1.356059611916246e+23,280204.0079900043
5.619586226284806e+22,276108.7771744822
3.630438920501383e+23,284803.6115724312
1.055995466186308e+23,279056.5893821027
3.230685575171603e+23,284239.8687881862
4.450639884789947e+23,285719.6381718526
1.342731064128545e+23,280184.5558333521
1.37181723891613e+23,280255.179456485
6.227258580974666e+23,287294.8925104452
1.592676866553265e+23,280939.0860830324
9.346025742865332e+22,278502.3203620116
3.423151751345467e+23,284512.4774177951
6.684481753844249e+23,287623.231254879
1.780216182463153e+23,281478.1653953219
4.402785754561494e+23,285689.4740053059
8.915263180623195e+22,278285.4586314317
5.414525729053055e+23,286666.0042872631
1.80317263651601e+23,281527.7907065684
3.704025668621442e+23,284889.7792994023
1.872634673650242e+23,281707.1161019106
6.328820590499132e+23,287401.2761232916
1.452255880116428e+23,280547.6916055504
1.700913330566314e+23,281302.0985230622
1.154127209086083e+23,279475.850443295
3.939531594235414e+23,285188.7064811236
1.164821037381137e+23,279505.8209158651
2.595456472917169e+23,283218.8405481516
2.273845956515724e+23,282637.5289072758
1.558283107636322e+23,280850.8750926113
1.335533851883579e+23,280134.6973886436
2.809146814923464e+23,283585.0367372333
1.752271103167367e+23,281391.3228004746
5.177742739756033e+23,286465.5579409555
8.861482120920798e+22,278228.4647959738
3.180328840390619e+23,284127.489665322
7.590956322782078e+22,277581.7356301486
1.108100156749261e+23,279271.9484945167
4.149662094503881e+23,285419.7206298531
2.042714585417777e+23,282120.7673500694
3.417088418210904e+23,284458.8214742994
1.636604724364922e+23,281097.9570510557
1.18298286410865e+23,279593.3083079323
8.016019485535575e+23,288456.2640592252
1.226925986696585e+23,279763.6750354473
1.502804848400297e+23,280697.7505289228
2.347101765267988e+23,282768.4856419037
2.313096376084276e+23,282682.1455947618
6.090986959752415e+22,276528.5446687173
7.43493660004502e+22,277420.5580689311
2.511045080073151e+23,283086.2724990629
2.448773331595305e+23,282962.8727678742
5.100014138784369e+23,286381.827553473
7.416389933319798e+22,277421.4792759736
1.398712893023068e+23,280356.4361787985
2.123139476461331e+23,282295.8560242269
1.99147903739918e+23,281988.6816284378
1.387584777535755e+23,280326.6781631981
2.86971775316123e+23,283692.1002689727
1.837377698871807e+23,281615.2807960992
1.909366852019233e+23,281813.3826651026
2.876272018911915e+23,283692.5831697218
6.988233533178033e+23,287838.8561663702
1.461170671312641e+23,280565.8002772016
6.040995329991557e+22,276492.064133768
1.834414884237427e+23,281620.5410168438
5.09613445768443e+22,275679.8639278783
1.68614935558515e+23,281249.670357013
1.426249785388823e+23,280453.6856681426
1.105332916199942e+23,279252.4190013334
1.943285363669995e+23,281917.0118987391
4.609362068596129e+23,285896.3723464041
2.81966315514961e+23,283617.453617262
1.475343653933632e+23,280604.1634103125
5.714686694958981e+23,286899.2443404286
9.564242981237171e+22,278618.5170213913
1.237701112648757e+23,279807.9265464678
2.675714162302694e+23,283371.3105970241
1.013536660067527e+23,278884.5349231303
1.597786468431393e+23,281012.0653587403
3.592415667513009e+23,284764.6661068643
1.934153730961746e+23,281853.7634930707
1.038528495903533e+24,289649.6679403461
1.948959648270742e+23,281897.3299410779
1.743521429459742e+23,281375.8816083972
6.125473859205331e+22,276513.9350867001
3.438191992053589e+23,284518.5917206819
2.413924676162017e+23,282907.7691790594
3.375791990287006e+23,284441.3845727941
2.701399458314385e+23,283439.0110813832
4.71037166519594e+23,285994.1679087399
4.756626893381673e+23,286022.7520829515
2.999896614538106e+23,283879.0853521444
1.189643824556343e+23,279624.0837450592
1.467480049187661e+23,280607.8645253004
2.534353062031217e+23,283134.8874032588
1.917945098841257e+23,281818.0028012086
7.624610727564801e+22,277547.3267366637
1.015856144826804e+23,278871.7619823292
