178351393081570.9,174769.0380243095
135347019575802.7,173493.3830020229
631844361635139.5,180628.3673386911
2156813046748918,186256.162167799
977779734863450.8,182643.1928874544
424096607440465.5,178823.1350106481
2510071836515704,187039.8511863309
573165947535547.2,180179.9844524054
3256091292432601,188213.2315746249
723917457705586.2,181231.3040765597
788411097268132,181714.5745026582
797714427558813.5,181696.4279630436
420969931624835.6,178806.2792941078
897020809171656.8,182299.3126257643
1483655241253931,184641.8999206887
598638216315194.9,180397.2332219784
1560275153930487,184789.3654798844
1588231581177891,184894.4637181055
903421571883728.8,182294.0590457522
1001458961950708,182789.815515048
1030200783132843,182860.931806102
602173859096527,180423.6208353609
521346401478102.2,179780.2416284127
2383254411149297,186765.6358009888
1761191799447282,185404.1641086054
1349746672810394,184178.8001816097
666415892879805.5,180866.1210257974
246286491828879.7,176283.7536090984
183589478150220.1,174978.8656578996
1151088278455699,183479.8736816047
202094806036369.7,175419.1946524609
482999735245832.9,179417.4045113813
278844496067024.8,176888.1853211306
758777365979901.1,181420.2403152668
1492487407839426,184595.4586482118
180837736392069.1,174881.1185698198
630142104038248.9,180661.931387602
405049919776866.6,178548.4477810104
1607915783198580,184979.5780912252
1289502086593859,183955.970494314
463770243920720.2,179154.8127914083
520821293912731.6,179809.2637737068
1531528998216447,184642.47574792
537170004507692.8,179858.1898624342
892144674848445.9,182238.163462702
338227961289916.1,177751.6931082472
4839421313412084,190094.6300041561
718964361376360.8,181252.1072639801
485060149086948.1,179381.0171372139
364792303961025.4,178157.1151227915
191931975493272.6,175146.2929512854
708142357259163.4,181201.6857398294
152216933916683.6,174013.8495280774
514115321565772,179699.906044739
516081879290477.9,179666.9125176159
3078100443042404,187974.3892188476
660478087784252.8,180861.3684119152
167853530850970,174555.7163419447
967457722302787.9,182646.2716026471
1195128625169035,183557.8875550065
2624781054318477,187235.4996436523
1274720887421894,183875.0106720117
834547891486824.6,181941.3186799416
175851166348248.7,174763.2426338061
208643123479468.9,175538.6324755217
1218961926792390,183681.2450134095
727745193702124.2,181323.2363089551
2589043277561358,187167.2216247336
2072399123227108,186065.466746276
432385873527394.6,178876.732636064
1462858738816320,184514.4023394885
3132292509318386,188048.9238363219
965602980457419.9,182642.8683161121
656050846793655,180822.9549283793
336595666660910.6,177753.8866534039
1371891955425986,184262.2314467915
454950505239102.6,179124.7812968931
410276146132556.2,178646.9699164284
484225239603166.5,179370.7519829463
525790378243726.9,179803.4985499906
384290917307156.6,178304.8756133859
173716945809583,174683.0010681307
539951868403078.6,179995.6863626412
941378752547721.8,182477.4512251885
485207627901796.1,179397.8954390925
273893370347714,176808.1429086063
567655542302502.8,180145.5809891855
851006565996219,182017.1828739134
1049313125154670,183009.9657558641
251827597472280,176410.250608189
994070758413897.8,182775.8510569554
1800020493131831,185540.1207656843
869342986690280.2,182175.516022098
724220767013298.4,181271.811129174
425405230037781,178816.398496086
286816383957005.5,177012.4969707355
222832985723067.4,175853.107599689
794593096058907.8,181739.9095043013
1410560794131288,184416.7650675641
580566898742499.2,180251.0869846897
1126323450350876,183326.8650052944
930506836317186.6,182399.6383000966
832808634692861.4,181928.0021230732
479305346130241.1,179389.9565763074
1164451976613172,183494.3226233779
687673922134881.9,180987.2529425916
1006806502750950,182801.2592336283
849785811791217.5,182094.4424618698
1188135901380563,183609.4900742883
1493518218491308,184624.6245201272
221493262780423.2,175827.9567893941
180975118724037.6,174895.3778511226
412235593413138.4,178638.973313804
2029868594159551,186044.0920792394
724965840982154.2,181287.7690556771
706111664107800.6,181129.2185982551
1231255071370407,183725.7174714704
1181221470753456,183550.1311091314
901922385432516.2,182326.7563651924
742659798465110.8,181372.1303685596
537821775003252.5,179957.6625272931
2497309269865289,187035.3955089856
592391097461808.8,180350.316507531
493228362326931.2,179438.7888663751
557355281316453.8,180102.0527283808
1402990426360476,184313.0843220381
624977997843706,180590.7392279454
983746015781897.9,182714.2759148388
2245278454843180,186536.9458166405
527812265812939.4,179838.857812143
666438304044298.2,180918.9540762511
726334301151729.4,181257.3194564609
2002271869809069,186016.9059271083
728026802387826.9,181249.2972751787
837838441293900.6,181903.1411371556
259489336535620.3,176521.3911959462
790718197207146,181667.9428730094
1130712587150146,183352.2092501266
632620697841366,180724.2526476525
804243629430436.4,181797.0214187439
1104009385066847,183208.4309253324
853489106218021.8,182006.955552373
723433181747375.2,181214.6582792643
262579904077287.4,176573.2198423262
755787253991466.5,181535.7746122005
779560999259148.1,181606.9108380252
780071261800896.4,181600.0943221642
771325624329069.5,181565.5578221034
1179285796047683,183552.0527027191
1311267862823368,183979.8246165098
721950654958886,181277.5984152062
2575964137929482,187115.1078639374
678741276600954.8,181009.0663288496
754248711866577,181454.3505975104
1481921841155009,184545.6044340204
668278661921509.5,180909.7460510602
574669510915695.8,180207.648285511
637700424558773.9,180686.0574792844
633510448723884.5,180603.6743389454
397812932407579.8,178483.1607854704
240476794245271.6,176177.9881856499
685525275925830.9,181015.0666511045
243089469724729,176226.9352705328
427249787755161.8,178827.1990365094
583209954933900.2,180282.5787350076
1692009962966230,185247.8784156742
811663541511745.1,181836.6166462469
857684348354802.5,182119.3112402647
727240070887891.2,181285.5127182265
626362143405900.5,180618.7820145168
462537642018435.4,179211.0287526087
1202385297159878,183627.9803188457
429833838284093.5,178850.4285016811
366222277968143.1,178119.8228758088
425300779284673.1,178832.9497831044
904546106313284.8,182361.477900393
645605624156619.4,180741.9137933881
276423827214250.6,176843.7279262719
931107451996966.4,182458.8228863897
1018630078288271,182901.9148128282
748913677086477.1,181445.3550639736
191799257407447.8,175114.3462248495
382196457614957.8,178363.7140433424
357870809083891.9,178008.9815161388
444446538894188.7,178979.6399146268
1426191830495066,184435.7843122034
896498324027741.4,182237.2427418103
2876968409975141,187627.7871880108
1443810151834977,184470.5194525206
513814323980175,179714.7444688808
860023147133581.5,182088.2374550617
441563033698779.9,178989.341713786
430751963402401,178905.4047380934
642458855804052.2,180676.6258740956
497442318178755.4,179574.7575997383
330456484754807.5,177645.4412542377
724417344934783,181309.0241687424
487269816044549.1,179454.8519114147
640160332025850.2,180754.8701116855
347549025293428.9,177913.2939428001
383369184509995.2,178304.4329121578
1170339673113588,183583.2092929499
520345573934403.9,179776.0016078791
420219258875369.6,178789.5696309277
368270862630262.3,178166.7588707207
807516991898756.6,181759.3419475672
785715845606350.8,181630.7304429316
601709548088310.2,180410.394448898
863879134751373.2,182131.7087592218
304907757015721.9,177313.8115197623
551710002960864.4,180033.4545042392
447602472241806.5,179102.6491236886
1149740041139229,183408.3696313373
533305013161333.4,179829.0658993193
639848276021071,180763.3750950688
252486367769314.7,176414.1503061774
450379114101645.4,179028.840850696
504983686127012.5,179613.9314921568
401389364607387.3,178626.5741856351
1478485205652615,184551.7205847349
988314359897343.4,182706.1377407351
664389121503221.5,180838.0806400523
849924866318610.6,181999.5693676055
235280775089020.8,176058.0999239844
1026041098738272,182887.2803610366
840103227771965.1,181950.6555873838
1935503237221349,185814.9060890938
792128055045867.1,181690.9239548194
1329891864963310,184117.9453845005
1146855839533552,183446.0380375237
285856230913705.9,176972.4616857441
277572679170642.6,176867.5694658249
702428392209443.9,181163.5760145477
422169596422271.4,178805.4668143203
640132608032313.9,180734.0055636166
688449789372504.2,181060.5067436862
1765276371943769,185398.101258548
364362208828842.4,178111.2827180954
1609230781787590,184989.5739706808
495117260249718.7,179551.3050622192
413641846607329.6,178704.4704126116
472744119550688.6,179311.7645726252
1270705050547264,183920.2496376666
736912561711546.5,181392.2627655604
754463663823961.1,181422.2765780468
309825481341237.4,177363.5715826159
166969698794114.8,174512.272131351
1381474534234500,184245.2790960952
543200234978497.7,179931.6743585983
1048869646347399,183053.4661933392
1521148488159832,184664.6051332111
526624160834655.3,179814.4921084858
1350535385226330,184139.1764756717
1284383062139140,183928.1208546725
792524794360743.6,181749.8430734578
1653626795758094,185086.7770788423
532314893512221.8,179848.9301535779
1639635079676746,184994.1954118575
830123264076629,181968.3648756936
956833674839998.8,182569.9769370863
596885600030275.8,180366.3507516243
780152774936274.2,181609.8361627203
561996565754027.6,180150.0998071566
473054001159450.7,179323.7494665098
700677173917932.8,181080.5115387737
633296799674280.9,180673.0112289556
523711300064945.8,179753.7947285506
1371037170741920,184212.9839470676
409347121784688.6,178628.7180053397
1354725466547240,184170.9312770223
993245589186400.8,182690.2612240087
1016068001359400,182824.2023257162
342260652920924.9,177807.9225888384
565556668020032.5,180150.2528397534
323209774325942.2,177556.0632547044
798973313677179.1,181745.981832067
848761304245713.2,182008.7746386151
863028333936277.5,182087.4626944125
427807619592436.9,178859.0496979462
473906382565460.9,179340.1603359369
1025928566075406,182931.7438572224
430288447312368.3,178874.5421557876
721070987675428.8,181231.3292956509
987067886946817,182736.1425147713
331904045832517.2,177726.9073544089
692438750383978.6,181036.5425883402
2217803352527545,186401.3362961346
1863721222375489,185614.9159636176
1184988066331194,183539.3168532549
440495806726982.1,178920.0311203338
165760740936958.8,174478.3062970936
1354992224203994,184136.1008182227
1206428625299514,183651.6280113966
744021462093113.2,181373.2142572739
336714821788109.8,177756.7512864565
375519406661010.6,178219.2118372736
373653722296403.4,178195.842385894
881946109940324.8,182172.6441021469
349882483380436.6,177918.4539894418
3057663455839262,187920.6409239256
534596114981272.2,179936.0353230509
1478488396002079,184573.3584253135
1666018114044020,185076.045283675
662448080393075.6,180860.6165901345
284409213484966.2,176936.0437101789
270845120048979.6,176751.5818631633
381050088002100.4,178371.1906045882
314179987086740.8,177440.1650124507
522193167368609.6,179767.9941736204
538495737332863.4,179919.1744248396
420286112290030.5,178750.0566300876
796372153921660,181653.8664424939
259178429265331.8,176567.9166486321
752763420021167.1,181443.6248850811
2694845374928872,187347.2957839227
3177594569414708,188124.4635418816
765364859075298.9,181519.8834056448
1070088406539749,183064.2076376977
258937644774985.2,176510.7757274057
582426580822923.5,180282.2120844938
451440806447199.5,179084.1921132625
477296203845868.9,179354.0987096396
731711876068306,181385.0045158344
267122779353580.9,176722.5040386804
582985317092189.6,180256.3642001192
1210598955325554,183707.0091801502
1222288482094290,183655.3233661296
657869675392149.5,180840.2689294245
524157594493141.4,179776.849567388
1144193986362493,183356.6910215939
1427700769303214,184371.7634454462
607663515291534.2,180466.4196096073
283074516713867.4,176965.273481592
1367357514689977,184244.3050416991
489556909700431.8,179470.1935613977
242989406421402.2,176222.0161369964
498563755290169.6,179562.3060027378
794486271714162.8,181688.2371259155
1237519887611088,183755.8541178306
833970841110973.2,181910.3960402433
1274195879678113,183882.3841599636
619794252058587.2,180554.7912091574
248256644580716.3,176318.1254937869
1399902115492046,184354.2283723665
864723908025785.8,182110.8368263926
514748958701205.4,179722.8292262378
435575033521656.4,178956.3714979872
667714440219585.2,180941.8539962946
434469534525324.6,178924.2570668434
1690770082905398,185168.0862005571
651627376266163.5,180787.2545476152
637351845099313.5,180692.6216623681
1550247684676889,184822.0470601025
2210278308573125,186422.7700405073
304972701529171.5,177319.6716211797
356200950925906.1,178028.7196405417
1568326337570018,184791.0048290311
642470870559804.5,180723.2148281324
191452567277233.2,175178.0641647148
2386351721914747,186770.0020563014
804267182006460.1,181768.6873136775
667258874584754.1,180876.0806758164
1002900973691890,182743.5436136894
131674514553447.9,173410.3269448165
236373106089322.9,176116.8591677506
455582429538460.3,179178.6808530014
740738583832110,181429.841290199
263928059282305.8,176587.0092323593
1005160811316525,182803.9909210657
320039502770818.9,177498.8447008489
3036646630391542,187916.7607796509
1287478122402202,183950.9644865013
284834199892008,176996.1694652298
548067698322930.1,180033.0311890382
711355663899487.2,181175.4460912945
1453053739828977,184485.8312751817
1287244332640760,183949.4897051066
3198284859364696,188126.1431814074
993765818210416.1,182704.1842680577
304457717581204.6,177333.981376281
1050623073402016,182980.7013801832
220606820267594.3,175796.8199757551
2466955308314438,186919.0039017985
2171071397283134,186386.3127941768
929190372193105.2,182410.6974506583
549066571936701.1,179984.1345071861
323832387646222.6,177562.1648870094
1036041138891606,182971.7863456018
388544290115243.9,178343.4295834178
1115207354186672,183255.2707938704
2067136443091301,186108.9594284785
934118184626162.2,182418.1158664912
842570473458599.8,182026.9645690157
733640820547837.2,181281.3161978408
682668845531001.5,181025.9878223779
588962095766827,180380.1323004747
412340157280598.2,178638.1075800522
401253008616475.8,178595.3125911828
518734337554865.2,179765.2956312427
645713758453913.8,180770.2340247642
963393304688890,182624.595468843
590167295535305.9,180346.7044776012
851751844739798,182036.5767659205
254288432584893.9,176443.164600763
794492668615895.6,181703.658423062
1395211570737966,184342.0252038443
706911700160598.5,181118.7058625621
543745826505236.7,179953.9787269457
272297586164272.9,176725.4246595203
1036763324545548,182941.3361546261
1670519933480719,185149.7647887013
369139607651331.9,178165.7359493377
660311792842286,180819.4504557294
1404388320218210,184274.4449977691
347185635808985.7,177877.5456418314
574980903387030.8,180199.3953640594
896024484825946.9,182274.9675106786
281672153938227.7,176882.0893593356
1526154655032651,184730.8695600948
218311475001175.3,175749.4144405184
818049063248888.2,181864.7005718029
574613457364154.2,180218.4189812301
1502887160491025,184649.6145070347
572180097508720,180181.7616747244
606645987340564.8,180492.2438408326
1045769124986329,182960.1860180627
629476781066599.8,180622.2477097052
1132497809472910,183347.0528863612
2277799462635212,186499.2131679424
1554538117336274,184804.7250700071
331076742768236.5,177640.6865910762
362958741636141.1,178115.1912966447
424921196389124.2,178788.3746812785
1320188931570224,184025.3628595866
472290274477165.1,179312.6956493052
400206177176449.6,178557.428845629
422046128704502.6,178786.8642592428
407282461767671.2,178621.7807702853
850825982193044.8,182034.8600294648
370365750186647.2,178222.7806869482
935510614816905.8,182476.0453015655
967356523066681.8,182570.4977379215
484717089812168.9,179436.9908870769
928037031086663.2,182422.3330613303
1047061491475536,182950.4865725479
138369441310993.5,173614.7644820148
760366203382167.2,181508.0388196305
436972227405620.1,178926.4085528343
1116540372254957,183287.3403119971
494514158870264.3,179529.9043514448
829177401389143.2,181839.4933921585
539512225949664.1,179902.4123051375
1120234971130374,183303.2561196476
345848445980272.6,177837.9913921117
447313454591199.9,179082.3654848314
556027380432495.1,180006.8068382572
286209748827289,176971.0517339539
512329560483112.6,179700.8297097851
651200600904107.8,180836.6431925354
427438952637966.8,178825.7251803741
740100346825459.5,181457.8643664679
253596562304373.7,176446.8930266846
355479534897225.4,177958.2920539124
1024624951069820,182856.001466261
895138201428397.5,182227.3602830227
682897824788786.5,180979.73348733
385642734624783.1,178340.2426933335
547936983971706.4,180000.3584322204
470634788882267.8,179301.2543534854
265016532270522.4,176591.0480753597
1236899173634112,183754.5361418374
248262565159411.4,176301.8370443078
1245534717485208,183778.1084746414
639515967029363.8,180771.8018190038
566489170731219.2,180130.3093831738
1029018359445557,182941.1754027948
214201421734529.6,175683.6481107869
571053527082578.2,180179.7942384918
1161643629619170,183438.7129649655
672151407200601.6,180866.2275671233
1022963881961053,182844.485294236
1298091622376394,183995.3369317908
268796440036537.8,176702.9611230898
595810393341603.9,180369.19064168
1337586517622514,184099.8267819306
618363901321363.5,180492.966718971
1399626781077658,184390.922369485
264311190255746,176610.5725729329
654478861082935,180792.7192859524
238158001760563.4,176119.4433949801
444016754580063.4,178941.4195510431
326644877444436.9,177575.1797619225
604859955730702,180423.7671943455
846693608378991,182014.8049267656
5859601809472653,190923.3694158822
557558979155084.2,180110.6516805819
1357496469686463,184187.3430999259
956307194408844.5,182540.2773598511
1961090162025600,185871.5688155184
194821217227836.2,175202.2511062232
1008570384152612,182817.6180559052
848692962924699.5,181994.1169422421
710952013082663.5,181180.8727598549
939512820358916.8,182509.4982805306
1041815975748879,182919.5742406658
571750336969897.5,180180.3346118555
559392886716221.1,180042.7015064407
596858023504503.9,180432.8649815513
1144257043529243,183404.1534575064
277778052257310.7,176877.7364154448
960553972441284.2,182587.8178277456
585262413528319,180286.7322224091
983114523807410.1,182683.4918966992
742940809705735.2,181393.9350932869
2266485840064988,186551.1293477126
1467701832078722,184526.4504805565
858366679822398.1,182106.6503028397
2831720289442282,187583.4562715387
532688329602564.9,179827.1147614031
1135757841469954,183341.7341701503
813327718974057.8,181786.5046890833
1596556641654952,184929.5212268357
366548736607187.6,178163.8561128674
413978343216398.8,178683.5649762736
281855202111090,176941.9554563076
634489676919861.8,180688.8413201816
833286557448154,181901.1681344909
1070416766582122,183060.2616023068
678359935257842.1,180961.4311089836
386070501181314.4,178377.7952919728
861524247050977,182088.7604795283
1714767586828492,185285.9279718436
537737155818553.2,179856.5988136634
1042738636923989,182982.2917500352
1444623328591115,184465.0629593311
705800234572711,181149.1658778885
3272802399143389,188199.946974521
1111325926651118,183282.6085551761
1090333435839288,183189.1131020876
974127086312014.2,182627.8149301876
528994041620321.8,179819.4083313865
886961503975611.5,182210.6075425682
766211745580100.6,181513.9398967226
1175739950286222,183509.9848599206
1644766618511520,185066.8265133348
502673829632707.6,179583.3867308376
947445196456736.1,182523.4045372216
709398296022832.1,181173.7659125369
564210248538886,180171.6755496364
1589527128312120,184964.2136708736
1622224045131542,184988.6832003199
1169677842901011,183446.5604357213
560168286017637.1,180094.9261404473
1000241573230309,182697.0495296504
1101935686405670,183256.2257466787
490587439106706.2,179507.9465293441
850153340189354,182003.3647099835
626003870981699.1,180632.030141358
908725240082186.2,182319.6217081825
2166687410456197,186333.4320125795
613225020089730.5,180533.0677298878
1411993630990828,184363.0116909143
1123803434003834,183304.8096275186
683290205029603.4,180972.0166745575
699410870508944.4,181138.7775212404
688803848760027.2,181041.3335104033
448449741898916.1,179098.6153189387
301811496745491.1,177237.4027287732
583840171562577.6,180292.2545264129
1875707750091144,185729.476167665
1773456498379407,185416.3438114414
364575138326589,178130.6289265892
494452288281180.6,179491.3276337647
622117636913624.2,180600.681197199
247984630048466,176315.848895463
602994441240982.5,180434.2540951334
461584686904908.1,179261.5477372072
84412954617971.61,171371.8479641783
1320549692108845,184007.996900299
717208691521187.8,181196.6549754403
1261454640321904,183838.4508288652
1008966792616500,182831.8061234339
1359619482533870,184143.5385998834
182944545104186.1,174951.7893738409
1338172022405773,184126.3509640728
720208283448488.2,181286.0154554021
464205887921407.2,179211.3791369664
238591416519822.4,176132.4884250551
771294350828420.4,181570.4329090233
435226910694988.6,178953.3848937669
1815869641634024,185537.6329005493
1027609451131419,182918.1297666646
1912370263160897,185746.3192929327
667723603218518.8,180904.0861486892
788608369064555.8,181604.360235219
1244150675927537,183773.7968070113
273245310309801.5,176755.3004004505
491212374623283.9,179482.9377552457
680809332820826.8,180982.9806167069
204627490148249.3,175475.5873907584
260580417540658.6,176581.8616897351
527233878484888.8,179815.3711484865
759172562629587.9,181507.3146921048
357111293129290.5,178005.5478988551
430546780817336.6,178895.417591172
1658014411932831,185090.6875616886
1412591765923390,184365.4903270285
1764317951398501,185376.0260472597
1267602159432833,183851.3440895014
1155350999138138,183469.3539089175
517098358397073.9,179698.8806332917
512351878161760.8,179725.6353313341
243015087949688.8,176211.2096818226
462265277546689.6,179173.8739097902
571353217235971.8,180136.6241711858
502778922587807.9,179534.3795287852
305118213694981,177270.515191241
613884306755858.2,180527.0539676761
470799775292744.9,179291.8098344848
973481137991655.5,182657.8243665913
275511584807481.2,176807.3633233625
1131185793326176,183289.8491406693
1983978371507792,185905.3111147416
1018790857700455,182890.7780404902
595278272334909.2,180392.459932235
529799023763277.1,179817.8356810006
894479975004675,182286.9084099794
331833125101004.2,177703.813079975
374158243100308.2,178234.9796895543
2086982914166053,186185.8309053807
1080969678046195,183105.0195296705
604598559103163.6,180470.2567809084
279258830813132.9,176920.6227585531
539806398896019.1,179961.891081051
766151028079723.2,181557.0690524559
620309617623959.8,180606.8892987646
705232971702269.4,181159.6287920265
729322955974951.6,181292.0114568326
1181858252998928,183607.6639553659
513372495157151.2,179691.9804219462
660634260377108.5,180851.51179134
889041544995580,182214.6772825876
1034705953865851,182934.8735468234
1838394637439835,185549.8748924875
1004299335035076,182764.2754899305
3048572008211026,187852.7521144275
513877974856729.2,179741.6129271493
422200772114113.7,178812.6402093613
430682130394320.2,178870.7788419901
359031464894162.4,178052.4311357358
1533367357215902,184721.4653334581
610406363672466.8,180520.4225288086
702790041707717.5,181143.2769178279
979035686488855,182651.8906008021
1119252003940798,183231.1073921726
417528054212267.6,178749.8791988531
1389194647207158,184323.8190180401
897547220870671.5,182258.4626676825
1925423919534453,185845.1272648554
988236603319798,182720.8170021191
579817221230139.2,180247.0888200273
448398306977498.6,179078.1323446978
350580726021781.6,177946.2922170712
935217358045495.5,182459.9892828944
401856546182945.1,178576.5040036698
619142964408978.5,180604.4106340931
324152502100999.4,177596.372577274
418159768207873.9,178749.1181001118
460151648155176.6,179159.9630548006
1219474640261238,183716.9333122179
247282681622579.5,176262.8197858677
969816669410060.9,182590.1186295294
462875655913279,179223.4147380192
1590034390731176,184945.3636566313
541435155145808.2,179942.2358412394
362671237973133.5,178078.0565774487
799227456390386,181745.9855349658
591424875624626.2,180331.1208602464
529111244607377.9,179831.1226807276
337861695320746.4,177771.7269635168
969823934099962.1,182637.6862145691
276650556668482.5,176814.1404554198
378265015050724.9,178233.3676839382
389339952053001.8,178403.2179840983
536801301036217.9,179881.1043716026
1344870859293232,184142.3282711914
529593106486793.4,179819.3209119486
624691912151389,180589.0858790277
1649237981739569,185118.1102067371
577945626972474.4,180248.064232805
1070595485945469,183063.7685562452
2303288268826908,186642.9411965781
271279306719814.6,176740.2761748394
618185774508631.9,180534.7643739746
641135210921887.2,180718.6622008223
2137990955847426,186267.492639325
693612949924905.2,181022.2833942276
782357463931321.8,181623.4436157369
1537858261007592,184778.0647885001
340643031825411.1,177782.0355650589
532385037623369.1,179907.0465423563
554758101783659.8,180057.3243192735
314953570372996,177476.2066437175
921658889300411.1,182346.5875775848
1241961544894270,183807.304536058
647986514840755.8,180788.6110171511
227129281417615.5,175893.2973829908
886258594076596,182201.7031008836
317628753054298.2,177506.8624240938
499803444265847.9,179582.4673314054
498674730911282.2,179536.9768979922
1282883380400563,183943.2273042605
517022552145169.2,179742.3847331476
587515062196132.2,180280.3124472671
709672099239909.8,181181.7017972115
1053968353268337,182988.3092619609
1060115503312228,183029.6568742765
658828368630076.4,180792.5120860109
449264696290898.4,179024.9183342903
440999931965501.2,178956.3837178806
649457390026423.5,180781.563845775
1104938197571790,183211.7082989964
553404654787662.6,180044.2634415413
1038821340342884,182944.7017975985
384657809591026,178396.2139330702
980234083091924.5,182720.5086766181
1159215996783805,183498.1123620488
100313902245415.2,172159.2396484803
449678247399546.4,179059.5399302301
499416661856208.4,179597.021966701
582007785136532.9,180240.2053598437
1003083159362035,182779.9067202123
1883667694064073,185710.4263491868
1354249328649517,184134.9204174155
1154422447291181,183403.6444953928
1069472981282416,183115.7305432558
1362213563987090,184208.9365594757
411826967345670.2,178652.3751043355
754106616198085.8,181468.8089085828
449112571945924.1,179125.8075916748
984910622464943.1,182670.202297079
666069316262601,180951.9687544389
1076467830576648,183141.9523580616
420523707530769.1,178737.344195998
752644102736303.9,181423.8684950676
692237202895408.9,181067.6793871838
1594684008615186,184929.112817672
917015411057353,182315.5689471589
935506763084690,182518.4368280105
413549721105882.6,178692.1297841875
1231741826645110,183725.8828354656
221457672095393,175834.2695691308
476575521926387.2,179341.977852913
553456480376051.7,179976.9782094955
1026924512156490,182914.9703367689
863569714825686.1,182120.7638972948
694931394674981.4,181080.7083744164
858589416771358.9,182085.1891099952
531465145992646.5,179864.4128886731
346065628266997.5,177864.1089382255
1256012427118262,183847.1124246579
526818893793869.9,179845.6220807888
466347415385420.8,179277.7503170709
382309272664792.8,178284.3480582384
839276406367712.2,181946.6734357334
1301306410252626,183946.2574867426
307492942137354.8,177293.54847429
234066036429146.3,176098.5413227613
550496943029454.1,179970.310854741
1278652718388958,183965.30022803
1537335102576854,184693.6270246159
504482689206512.7,179608.3745242179
3934718079704246,189063.9031152545
2192989499598048,186392.6427470583
523690230933886.4,179781.9973676133
1128402870147894,183306.7090027739
432563480952081,178872.5316252677
482686322784320.2,179431.2242720792
1002728118560659,182746.1446460313
1939898864161913,185810.7295270143
2406582971611655,186820.2962307011
1119174620928736,183263.214476419
282241795903176.2,176946.8701116254
263795246735363.5,176586.346316308
1030726857392568,182887.7944196399
816759563440963,181833.9178283576
585314042397662.2,180296.4871819829
1188230707032744,183542.6121572172
486961433906530.6,179457.9263024309
627434993235669.2,180620.3089659536
865212052940525,182137.1515743615
809011986578935.9,181776.0859898743
501159638301745.6,179581.4730135283
1518619033897210,184714.9670120867
1124530779079373,183334.4369941527
908281926163119.4,182374.5080644066
1177769765037676,183509.4516720997
660116509606700.2,180846.9180525938
2550272268019519,187088.4126427102
255822156266283.2,176498.2383149453
250085247655824.9,176365.6625384713
438656701699422,178961.0207900911
431291149592229.4,178904.4432452898
287576983647235.1,177055.1280865651
512881717659882.6,179648.4619012675
1071121493836072,183065.1649267836
653158139342705.5,180751.207431771
654957412574228.5,180839.7284975171
483630955246140.1,179438.6097009205
1773118259216470,185430.2212828202
2302204445028778,186597.9792195134
1507114336789656,184636.3106659298
408363693507557.6,178650.804426211
1742124741539339,185337.5625483713
385195785014040.3,178361.9060768528
1309987487993927,184004.6897759299
2214629374349095,186411.6088616728
556035624430513.3,180037.1374032203
650545824540716.6,180819.5930249395
697498956542321.2,181099.0324115071
1233596108441740,183738.9782404318
278204695269442,176909.3970552834
431614273862831.1,178908.2151188996
2087951330585256,186162.1989790027
668456662865931.5,180886.4711269329
1083098034829213,183149.0969641522
529735921423582.2,179860.9770039839
1651875956110890,185077.4001722567
726283594582309,181283.9451866994
324742281630244.1,177521.943668654
1229099464474770,183692.2320760415
183628441466176,174919.7883980379
941548240768910.6,182503.0640587495
609644534824429.5,180490.8861440445
1404618169912940,184285.3826202455
612006003647409.5,180491.5482466575
1172388827474821,183498.1169168945
558458008516602.9,179994.0959188977
332646114678818.9,177696.7203105381
919213473043819,182437.5071195869
1529244935611464,184736.4224194422
260779230377751.5,176564.3301667552
1861435103900772,185621.8426038253
876217491587534.8,182130.7468046849
1421899489974279,184330.6107457048
512010255186448.4,179682.474911352
1163885285241385,183477.6166201941
677108809754375.1,180938.7801625637
2288613028186866,186643.0541824325
675779006862969,180970.1598357527
481998578426184.1,179389.7386617079
197457976742430.4,175285.8446837783
849033198193436.8,181967.8212640013
951779727533613.8,182530.0265112731
837461415959486,181931.1817543502
687710400079641.9,181020.9442481526
512279835068795.5,179684.6154726659
457063181737727.2,179143.7199092486
880982935305343.2,182206.090903694
299001143203926.4,177168.9704562557
607153191488380.8,180467.5347681873
1890637257315773,185721.9983367918
1151255336779584,183446.361469483
1118078055623302,183291.655712675
460328422545795.8,179161.6825717221
503514622155161.4,179591.2734403079
1016164476208631,182877.7555390083
568072861586983.1,180142.5939087812
935730105218882.2,182468.0423018949
725584581800216.2,181288.5148440075
417236065259870.9,178662.4344765242
299203342739959,177245.1733256428
399660813339941.4,178525.4622472927
624352994043028,180568.5302355644
3863645582392424,189000.3525167262
636009543046191,180714.2401222393
236119218479577.5,176137.4895171653
1715405733998345,185245.1706031652
255654368690586.7,176480.4044024554
332524469661072.6,177679.3392780067
488984891911094.4,179425.1737316607
644257661225118.5,180781.2984428542
909733794239123.2,182295.9769816235
1212472580200025,183669.8271498142
228912365306943.6,175954.2076992918
721269643656778.5,181320.2311327286
1900676168371530,185712.2193198392
1686452465995272,185156.0149688331
850667181936566.2,182021.7873773429
983085295544958.6,182714.4522916404
215054925003385,175677.2647456282
584137992574034,180314.9264825556
263330720029285.1,176658.162536797
1261336379965506,183802.8766927879
358579002626105.2,178068.7525350337
890509367289459.2,182205.5063633186
610920715303937.6,180513.0355022793
470145533110060.3,179284.6787417499
1488072708833495,184569.4219752855
601112593264556,180413.1155172712
369241228164941.2,178127.3185976804
1447879147370122,184453.2205372439
701489511454618.8,181155.9777653196
715135514034551.8,181258.7217467476
639173994148638,180715.333675232
729723130737145,181317.5493585155
507554166259079,179591.2238843191
1251334218992758,183813.2814444749
596360467199681,180423.1478750141
299793192742117.9,177187.1206177179
522749483810558.9,179784.2856645753
532457146467250.4,179875.3423296023
563694120398144.8,180147.7366338347
287513604679000.8,177038.551413913
1702037098777286,185190.8534027873
773271206345166.9,181509.3925521391
1543025817178936,184759.5659119044
1753166437293675,185316.5736043751
1283490065344593,183849.7840123181
683998829771623.4,181035.7611447004
630023691621045.5,180602.633929094
424969819809159.8,178815.6948201744
285235892712720.5,177003.6548128001
1051409344296737,182997.4302892882
609482648603052.1,180529.9133112352
582230125267879.2,180239.3510347187
512305684093023.4,179627.4842990772
751596699304642.2,181433.9554569491
925709269429991.2,182432.1018716152
794132991802188.6,181676.0291701427
713653220056973.5,181205.2197334887
998231844452273,182764.445357082
1143469956169680,183350.7195494875
1498448659118152,184652.4672426461
1558133058043830,184796.2581702638
1497116825349208,184646.2626904022
1254991912463420,183793.4752303327
517982663828523.8,179728.3863180784
486516945353232.8,179495.2405967074
901221055990951,182290.7696745355
461371467916986.2,179205.0871110345
1288001619521196,183940.2518157377
488801024092630.9,179471.4619862491
927951989604185.1,182366.7580969695
531266956540389.8,179840.3439227488
537208313689573.6,179896.1205727083
679810972518684.4,180989.6049557028
2035104595885542,186068.2122981728
855241823374628.2,182054.5066877385
506555887928780.5,179607.5747774658
662629955354671.6,180899.5780397811
419986539721010,178793.707437813
1248385969064378,183796.8796962168
1310549630644739,183996.0206255732
436793528497548,178938.6877587661
873693820429476.6,182070.0366709286
171463511007090.6,174636.8869056687
565192765890774.6,180146.6191831817
1432127847151413,184423.5587770079
239990891888652.4,176184.6355184057
617450100724761.5,180513.9561215095
834284311075856.8,181940.3060185804
669213010370162.2,180901.5510425304
1886158005620767,185742.0866508696
679122790636609.1,180960.7705827952
237386221281386.9,176105.8034209335
1135606380328584,183382.8523015706
165328000958378.8,174479.3523569088
935502645313466.1,182459.7157348103
1075528015263736,183113.5237968728
207512466795441.9,175507.891442019
732220290458245.2,181274.7282375346
1251305582090934,183811.5672382019
195018110929630.3,175195.4737952878
1246873348075504,183753.5272427186
381588725836644.4,178260.5722815047
601510525653599.8,180454.0743323297
827918914307694,181946.4226393034
305024540172445.1,177276.1981397683
469211082176397.6,179280.7536569875
223071211748006.6,175874.9849372877
1228482582392401,183707.2985544381
549924083217577.9,180026.488476487
1688344169437524,185189.6321500425
594643572843761.5,180394.7861110285
452852296821329.2,179040.8738778957
449362233596768,179058.5533505467
685196526517050.2,181076.7035204398
543613678782319.9,179931.9908174782
349071083906375.6,177916.2263284342
626309476875447.9,180553.8856144244
207455691111415.9,175513.0336182996
453288711845824.2,179157.108244391
959074093651126,182552.0801195106
1337476506248298,184135.8315781072
507229849765041.8,179634.3192369912
868228937998634,182121.4678868697
458931036820557.3,179197.6785253638
1078074382609740,183058.7355364103
670387310138569.4,180950.979347225
519405786141373.2,179770.6473106242
1439614844665254,184484.5134009351
246026704507869.2,176252.6348856148
539928202520656.8,179982.9899842421
203686625385875.8,175441.268804623
1280643325006957,183940.3582942105
1740896270554064,185345.7273082712
528442552862055.6,179887.0179556841
1354517764320952,184181.9745159233
789984030292340.4,181653.8278155319
1793831525151846,185463.7187667636
612924929467504,180559.383549214
681347703181247,180975.329912855
1014024495853991,182854.4797756198
330929260331046.9,177657.4489323047
504033580197792.2,179656.9177345886
636632174471043.2,180651.8717192336
585381402813540.8,180275.0592554327
998836519432119.4,182782.1344338296
687384366099531,181071.7706854534
383386751049350.9,178365.4521314353
1012302948383663,182862.1934081435
341239011509834.6,177807.9347895441
1622360408706647,184971.8669210878
194872580578723.4,175246.5910520812
1294518598683940,183981.6798748256
850069555537359.2,182025.6491681645
541704722560348.8,179929.0635249599
286149015711017.1,176927.8783401822
526179548361948.2,179781.506230259
1427791161062504,184404.5882400106
332073788171993.9,177692.6770896488
1623259648843345,185042.8922035381
788411097268132,181714.5745026582
1811748737697178,185521.8412809308
611382690593200.1,180478.6250409558
1715891768651878,185283.5025163363
416901660740865.2,178734.76530425
392991666148241.6,178409.0288046048
369683900799030.3,178199.6381180232
1086546737890898,183153.7958856101
807684970259810.6,181821.010368742
1675556205195806,185151.7169711665
560735036406668.4,180071.7403758986
551309969606243.4,179992.4511618991
1094369473719674,183224.5590329532
732626166960444.1,181305.9051148076
756004866130665.9,181503.7528969215
639510435308580.5,180755.4037085826
1028068958326724,182876.7578369531
695246857605043,181117.1377744864
1261076113380309,183821.2212892539
838081966801376.1,181972.9605276961
736578606315645.2,181347.5365116388
1645206327862414,185114.8876094012
417042912548101.6,178722.0562221574
300594734953481.4,177234.2627665529
693092729509950.2,181072.2511973236
430084273080068.4,178860.9764217895
758611624754257.2,181462.8667417809
780810732467009.8,181605.5821164513
806069550763278,181728.060110982
237560746794705.3,176148.3964033325
666999373020469.2,180880.8092487397
1566029694604110,184838.06796626
1386132311061278,184342.8283438744
813319326798430.6,181783.3540019803
1066870197085610,183064.7513325265
712543767788364.4,181168.9296934386
2995621767667624,187848.8832753993
370606453070534.3,178138.3513527365
343095333191811.6,177855.8648467913
368349859478321.6,178135.9264385302
2397740431925760,186811.8634873545
761941529150101.9,181539.6666591133
365264491049199.5,178133.9276862437
759924443364686.9,181481.1813923032
625160925512867.5,180596.5695661291
718728301787361.8,181240.0966090507
826903680867208.4,181897.9126280418
2652490291815662,187269.3475117168
565995509604446.4,180206.2498858707
532785499383221.4,179870.1448477878
918046907913944.8,182348.9424205037
1113615825285337,183283.13977856
460380995437220.4,179161.0801427327
457619917590091.2,179122.9835639112
1194861292301738,183614.5721825761
1039887021191988,182969.4291773869
391984153712347.6,178483.8999164314
1114853404190427,183268.5772035053
455195725354997.2,179163.2223637119
849481306748970.4,182041.7624535319
1166558436236544,183471.5725969765
1960368911110672,185920.3189591895
614849967075262.8,180504.2973910175
1053484143125373,183027.3804672233
1149272144037678,183370.9376666829
884273054865715.5,182172.2140934163
435786948297139.2,178913.8106327491
562881503244225.5,180133.508490767
936664133999554,182456.5031675516
642508356380934,180776.7499266626
1321535385320968,184040.9443432256
192070091958720.9,175189.0191513815
408149915077207.1,178647.9211661697
916122768731141.8,182416.2107456397
495101106897928.3,179571.0308469253
820527718253229.4,181866.872125291
595810393341603.9,180369.19064168
993149744517989.8,182780.4747193555
1255316320880018,183813.8978201966
1388566110373386,184314.9434691112
258994795355560,176541.0002685967
786451354475478.6,181705.4972268056
554978227187431.8,180068.0670792872
369835466068304.1,178139.006850866
1102945605768694,183256.8906486991
1055603038680930,183018.8885425476
388283851338795.1,178399.8630271117
1526895174383613,184705.3501948849
580486210869052,180260.2056958047
1425960909912773,184393.2386647401
1100028760050482,183238.0052874001
561537090713440.6,180067.4423099745
663188239607550.6,180868.2985657206
983823262503721.6,182694.4524860704
263415545830824.8,176586.3757056894
896458250189667.5,182260.9753046928
490939621832461.9,179489.5266161714
2100365395497866,186213.4345879235
784379913253798.1,181638.6460795545
933763461647047,182450.2701748467
648930474095007,180715.7175660964
670819638901067.8,180938.0048740137
704297438797814.5,181127.7581089434
2358448741791499,186743.4969163229
1049668289271648,182984.3980047101
826464034594358.9,181867.86691024
456646697329943.6,179170.2899497442
5283258560357991,190426.411970333
914299377635855.1,182292.5797821722
391953184586065.8,178460.5568913564
546398499769877.3,179909.3604969316
315956346013155.4,177456.9758163723
1611579336954719,184980.6928603193
953033553807995.5,182502.3632196214
363176401399835.9,178126.2527135294
1811382933479090,185492.7613990437
510360429123407.6,179693.3057215285
295406939396439.4,177104.5644233438
3168060133730225,188111.5459985765
2022125890976687,186059.9087925656
1384119488703228,184246.6776952362
624665999797005,180548.5787156732
348267366918710.1,177892.4502172491
1476611027718251,184555.2624490028
326380688317362.9,177581.4197695914
964805050573999.5,182640.6444976677
605534524583348.5,180482.9219599004
792104714384594.1,181638.4280896069
1575779913350916,184853.1369402818
256612347886165.2,176482.6520181417
2342639432294128,186691.1593470099
2453041922885869,186927.5697912005
439070521294271.2,179000.3282392725
555488312920227.2,180053.4313889783
1365776494935340,184209.90278349
527851409873505.5,179807.4472234292
447904162554993.5,179055.8649872508
722128313284967.1,181231.0208512637
586024384772817,180351.5188576629
386218582829986.9,178373.5255994709
414010330689413.6,178644.0809081594
1038584503570624,182964.4335443515
398017734380919.1,178506.080015381
612532277340566,180512.4778536869
874364944605533.5,182152.4509411534
637807876792311.1,180693.7150047064
446180040813949.3,179057.5128685737
685982924630046.2,180991.1934503214
515084232579658.8,179659.0863192816
1212517867255915,183645.6686767314
538961053008611.9,179940.360244528
775012605266816.6,181598.2722474458
1139881707789402,183341.7950231659
523832731884162,179830.6969465757
406880550513763.6,178605.533630974
1211270147364062,183553.3946899863
660719341267409.9,180889.1981316576
366439374348376,178137.4969631332
694345322504194.6,181052.7244279984
804519499867722.9,181743.9697313868
939931451191986.6,182474.2868388077
411316022772458.1,178666.8911627317
1574160757546188,184831.3592790459
1784345981872542,185451.8095747227
777420654748448.9,181631.6527883838
2010721380763739,186038.9654190299
348097169421666.6,177925.0349343492
359295251662293.1,178015.1435548603
1314741412714194,184054.0576123691
766221948023261.2,181502.4181305265
966590684264190.2,182623.9047860129
801585658196849.8,181750.56959558
866098335667431.1,182108.0544933878
444133119638662.8,179007.2205980495
537320123567074.5,179928.7744656068
2179188869431037,186427.2321671896
398272652237427.9,178557.5479052338
427883982511185.5,178863.2261952274
3576218486506340,188610.0489253862
642472365957631,180702.5354983135
1316408504635407,184040.5621050682
1342831589840952,184141.4783192192
2275718010071518,186593.2707272925
569861253233962,180187.8533012489
918899434389468.4,182335.8744948279
883075483693100.9,182143.8168899124
588944282085158,180333.7558164198
1054628693290992,183027.6236945474
407902483296584.4,178596.5972181923
932224542840922.5,182399.7769211258
300646670482208.2,177260.6346886325
887619121692823.2,182230.5791760096
550154537159139.6,180007.8479978019
1102765889719321,183216.1749664274
366097728128722.1,178094.9929040644
610970566795783.9,180524.2976506656
440877661569626.5,178986.5749543416
1821484324791902,185547.1975289973
887189314249844.9,182213.8857393228
1403032585283716,184302.6420980272
1104937110352563,183206.1108374067
407286279805993.6,178680.7057496753
1204831961545084,183642.2411367978
1517869487316630,184707.8359598399
1086915032805727,183147.7270887354
883598100697386,182247.4498423863
577676833885790.1,180241.5123796919
1552660887902347,184759.6865023818
415731009907806,178730.0962879649
1011385835565074,182821.8152143333
435331357715923,178941.8790716071
794632796830813,181711.4190110753
1498774491809317,184647.2125059402
569777909453491.2,180218.0608528387
2721434545186224,187386.7322163576
644532282596334.6,180735.9374635762
1163165415043879,183485.8607799039
1007387575278348,182854.1477370504
296296506729241.8,177124.4062938638
952157489221424.5,182587.0637065139
310614434337909.1,177308.1374923748
814106994628423.5,181827.2538644914
418158425017100,178768.0625771447
862466962646995.4,182069.8560278987
974081027604477.5,182651.3378261484
1340571212013268,184093.5538982886
963522252802226.2,182579.3658455767
1977134437811746,185937.362004047
2141099860108658,186323.20798062
714620382679444.1,181273.8990474759
2632061387410106,187249.7624200789
624510867121363.2,180608.7604294909
1403832983904904,184342.5817687788
946907191986289,182545.825273983
1331870645801010,184055.2849272004
941653136176599.4,182522.6593791603
788938423194501,181661.972042133
266143925935171,176661.9659014288
1009355941152778,182779.1434169103
1190435023494869,183573.1774061538
1719554408911548,185235.708705092
727878637306579.4,181279.9948596682
1425018769685787,184390.267640925
2186718050883084,186320.7069036486
915569419254783.8,182356.6235057616
982806319640582.2,182697.632212544
424585738186623.4,178841.2006747272
1512696245716164,184734.3832453339
560932857777854.2,180107.8567254651
1182645109465348,183565.2103235163
425901295102418.2,178798.0889557617
436596770709823.8,178932.335803394
275696557522803.5,176800.888015927
698764685614694.1,181111.3408515179
413506035971084.5,178673.1072051226
322668773127427.6,177574.0610895038
922277565811863.5,182375.6245550902
573034395440193.6,180198.2462064326
369184786488454.2,178201.9015655924
1284770702885784,183871.2367725852
429631918195034.8,178876.2611546949
672476532613173.1,180974.82395375
870776434140216.9,182147.8758418216
1255408774772604,183761.2410804529
1384816776561566,184301.8516126991
1484336412940730,184578.7326042523
1135642192475148,183322.8210338834
1513260134991430,184668.343024214
1402469815724747,184345.6300818853
1494749531775122,184645.5410875815
616594252256051.2,180530.8336034642
451069052346893.9,179085.9824300793
988709772831926.4,182679.661806136
550501351347718.2,180008.5621637793
1829307459861882,185550.2670805861
304087127185122,177297.3090279363
1123043564744892,183296.5796468453
327121771315755.8,177648.7051015151
409500862521008.4,178671.9250411611
262375755927665.2,176569.5760235235
624645689080962.6,180588.7213580307
2053957355520678,186100.3541240165
1057752694237784,183031.4925430175
306122230818868.9,177281.4663456625
451545462032892.5,179075.5125810466
1009945266016715,182866.1238057397
1854437092884666,185559.4413226178
1548771334498937,184782.0807946849
1087501255954953,183191.7835481806
740173257471808,181398.8202931402
1429493153426344,184419.4943650548
386118055583995.1,178388.5280657634
1163078497900848,183480.765482968
721914735781692.1,181151.0102015077
540507687727430.9,179893.6626808919
1143184560069234,183340.0850326809
3259241628677328,188219.9825155864
1122464100838220,183306.3526995172
1053180474659460,182989.6774330613
676170547254547.8,180959.3185665459
192314468176323.5,175171.8924605034
768125054929595,181517.3783893646
485229377373966.4,179439.1083212681
960448998774161.9,182571.4236705895
727915934447446,181243.3920659538
833886424214521.1,181922.3547414256
398955190442880.6,178494.4216803233
759901500725264,181466.602892034
622458247062026.8,180633.9404687551
2314603352878884,186638.5444629982
865509979419094.5,182118.5260959529
458335346317522.9,179183.9900146204
788327253241992.9,181699.2580826223
1411261733120300,184349.2448334786
692215601936980.8,181026.4279944889
1051313228383460,182992.4917964723
701829777275840.2,181169.9003178505
1247441382751157,183788.8398132166
964947483613392,182617.1071270829
328771440081183.1,177600.5496350543
1104479334153456,183212.2667511225
1118416570921288,183283.285356288
278028109262492.5,176897.1107785772
546418911117880.9,179986.1083282038
800584329429277.4,181718.277895736
1997412063599719,185947.6183828284
892808721828528.8,182278.7384704991
539092094641528.5,179916.8563954331
1593406170802826,184893.643509141
829333427309970.1,181864.4167787822
671460855387984.2,180972.5457009568
652090154319930,180804.4646003582
875420911601186,182118.9167089335
1307151154822888,183986.9890362869
670958755125968.8,180888.6267448833
342008552135722.9,177837.7902417671
1706312089392874,185224.0847788467
418714193541487.8,178712.4207853948
809429590269357.9,181837.3930737693
380445404895594,178286.091423213
1090687376991908,183207.7788348332
1655267679524852,185061.2577013822
1495730892909408,184679.2483054558
1387202356376622,184249.8930959752
474125271276941.5,179251.6391977732
993209465855254.8,182723.1899313186
475991283284519.9,179371.1319742264
551267339955822.8,180006.8816075479
769003006716271.8,181577.0115137652
1244389501897652,183824.0047182659
1257799678279111,183866.1340257076
1285223237660538,183936.7558137102
735191025052950.1,181329.9061853038
658282838555082.1,180834.0234633947
1183240149199427,183553.0739464408
1093879396642438,183171.8387953642
885155786984489.8,182227.7087897858
444023756230071.9,179047.3053796645
870880287547153.5,182165.6550937314
880153286589633.2,182174.2507318507
368261285856926.4,178143.2262810769
184923579069897.8,174991.0539617377
2329062404409403,186614.9924672744
607850511011006.8,180491.6590727641
780803806537388.9,181626.4641928046
523749346308905,179819.3560898533
834822534165879.5,181853.8569325687
3227983222895046,188151.664770344
676303305075394.4,181010.2776418618
298122680520191.8,177188.5849215871
1055813852786208,182976.632373371
625805583037922,180544.9470939829
1321475858736738,184008.9786812154
567061766208213,180165.2196368922
900056331851503.5,182260.3953944137
784308856329153.9,181668.103531835
622750374907188.8,180580.5362865482
226468121275988,175923.7427019005
223610585507333.9,175873.3430323478
589229373208914,180325.2306028073
1019830276257943,182886.2566088529
641219841966275.5,180718.2446140309
355063131391855.5,178045.028856921
750046475699747,181485.6089070901
2740695251717347,187382.5540771472
1268779814526324,183848.6738858062
1474093776681091,184586.638636123
650420404433799.2,180748.5867205477
1568056730925394,184832.377947418
2649143085977038,187243.0681123678
460697804963399.9,179174.3459368667
317208124477689.9,177485.3784381965
359189410685079.8,178025.717923311
907479018528911.2,182244.2449067436
389291005236094.9,178422.2715610796
1984014778151641,185886.9569805606
1270550900784024,183881.648539285
2877127297530801,187627.6019941408
385055531524648.4,178356.5586677685
1299749345322421,183947.0738949326
1938843795701152,185812.3491542676
738448658370836.6,181356.1295367389
615261675361912.8,180557.8409808271
1385050640349106,184213.3116348193
186625082858594.5,175039.5030033805
500519099837067.5,179506.5423146955
1208910536051607,183636.5113677185
1188229107093240,183606.773963943
402090075571824.2,178574.6032505906
314711755916452.4,177465.8193651919
659309339330635.8,180812.3857675826
612380434982264,180480.9833998875
1126718785348448,183361.4664491148
1653232892558134,185092.583382628
976417565861819.5,182673.9006504755
987693814669140.2,182679.4204963529
996481037186051.2,182754.0513498586
4526312938691484,189715.9125938875
216246631211488.3,175700.8481039624
2584495905867032,187100.18268095
464624267003285.5,179265.4808203292
946463600288027.8,182520.7141716579
938034934731205.4,182441.5024130794
700523318807424,181152.923225278
588189335186459.1,180235.8035864116
3148299669252511,188043.8960496782
695445526589831.8,181092.3552679042
281387926612515.4,176953.0254891787
256887803725603.2,176522.9183836241
605990835925738,180421.123434492
553504041452171.5,180010.2743440376
2222696906187235,186444.1653819337
367905733334529.3,178146.3473393735
505647962688596.4,179619.5873368828
2107049929024596,186207.9029024227
625528527942347.1,180567.1314984534
733107529424178.8,181288.0422174721
746426386303207.2,181384.3850857056
1410657095906624,184350.2128659994
206452957922829.3,175509.6321308498
652174598561826.9,180790.2159053495
1203711699798808,183610.5343869332
661964451959870.9,180835.1286425548
1683777771812959,185154.0257627851
530507281449550.9,179833.1472096872
2608056815245394,187228.5199771232
1241903924689473,183785.3301738637
865506718864761.4,182064.1093960875
1421632318847410,184345.0951968036
675222437032817.5,180911.3511503558
561260859424957.6,180112.5353442667
691890656039777.1,181094.602312941
592520739016648.8,180340.2070583509
2523534156050608,186991.6598109498
2896886145563755,187671.5268249161
2394726735288912,186837.1300917348
1621607623324012,184990.0961192931
1926812462992939,185751.2498031493
748989691900426.4,181479.2429092199
305094056279545.4,177250.2274547543
1390038985370576,184301.323867569
599971010899264,180434.9272462426
618626357440119.6,180593.1673499253
871511926043727.8,182113.7200238807
976151400834715.2,182632.2286966961
469985854180445.2,179280.6134483338
815706440874733.2,181819.1996000401
620798774044347,180590.3906291502
1587329436610016,184877.0959129738
434916896675813.9,178903.3033992425
803087293214546.5,181793.2275143678
1124652454782784,183273.1346667585
397928480156138.1,178516.0111307704
324449614432613.4,177574.6488206785
1368061560954412,184199.3553246098
1371853480130522,184240.3939726618
1009525193486244,182814.3410299395
916592071265138.2,182375.034443768
439890141584455.9,178965.3792797534
745047952012209.8,181414.5328599786
494219928428141.4,179497.3813530566
526523688511564.7,179753.7128006249
778102324002594.6,181525.4340285456
2533450963952928,187081.9509543345
1656257309602882,185162.2616918446
444583860060772.2,179064.594603595
2167593541558346,186313.6527428593
188568483596812.2,175057.3504094866
1868309759857257,185629.5036057802
257164579416745,176470.1082000986
932475242606290.8,182437.0291704216
686661846422853.8,181016.6625718049
889928595722621.8,182181.4569440487
653884189603605,180784.5724309747
2299040865184019,186614.9691234116
1264104905711714,183840.8734906153
802145930719219.5,181700.9104378774
1627770225133059,184983.8207423604
1094679123070466,183203.193249788
83649557627173.22,171334.288567053
612888851764738,180495.330445492
670346051983490.9,180930.5675142679
1045930595338248,182957.648646748
465467566610599.3,179214.9733191514
370257918156988.8,178158.0005380124
380584420613692.6,178319.755896834
542490718869911.9,179977.3188028191
580370467507424.5,180255.0668374199
1042367360215801,182983.4446786494
424787981826299.6,178802.5604654559
340035451371312,177714.3599632392
704164458594511,181130.7456648478
366407009315065.5,178145.3845728281
527896630397742.9,179760.4612588983
738363727545210.5,181380.5906979101
2013381424069097,186078.7597671379
676771376796218.6,180964.1846320501
389520542887669.9,178423.6803638154
1195377615810533,183622.6019055754
1672368624949626,185084.5507615311
817042800228701.8,181899.930886109
242182259664809,176209.1792107501
278019135887683.1,176839.1327465879
1452429483046064,184498.1332688087
834259184610294.9,181946.8602488538
415243829730645.7,178650.4439987594
690174965840371.1,181035.846515752
534417566540041.8,179921.4255293784
1342971581972588,184132.2836919249
402465815280589,178464.1991462114
551830335873656.8,180006.2621953554
147445987784334.1,173929.149696748
350616288503144.2,177901.0144067995
436499592336626.5,178928.4034244926
768066174609509.2,181514.7945695446
2622218728725592,187189.9059036231
821874430932711.8,181849.4786650911
776339640353432,181598.4429835824
1971813801482858,185906.1042829717
2873043269587574,187593.9252137071
476137442622038.4,179370.3545351003
608352827022018.8,180465.5406228682
742248040415196.1,181314.761048913
1574807872310557,184824.8618357126
973225271609856.5,182649.7614832469
289600514159938.4,177038.486556707
1167860516084825,183485.3677081622
450037632125112.5,179084.1380784985
304080937405466.2,177331.8746561466
1840413378779567,185535.8819709315
897697817347295.6,182235.3134310139
467249616395175.4,179257.3560292934
456122138297293.7,179160.6442573854
1623377073842402,185012.9823705461
266918670660684.5,176669.9051561017
1238651945666727,183764.4210375672
327752856323248.6,177604.9431119347
415340355996167.3,178713.419061752
831415343461591.5,181920.0266006132
2162192292208625,186335.0890786293
285243979864699.1,176970.6452287488
515519185835965.8,179715.1328224227
390307265127182.9,178471.9357176721
965710624644603.2,182626.9385146176
1145534393965489,183380.4095887984
1493579343624742,184635.6346387442
745015875437337,181381.2435482217
467010403929444.1,179266.4943547299
1439632737036545,184425.3720777502
436657336284202.6,178964.1922550278
1127613851708030,183254.2763891426
489288492909413.1,179453.397956035
170749598013167.1,174611.9880072058
1895304278302754,185734.0159486998
610526140611210.5,180461.1930513158
336615633883489.4,177714.2711524622
891329328719571.1,182260.2661815663
400363374252756.8,178554.0437649023
273179725018627.3,176792.7979791815
1648532073670588,185090.5994368723
418253687425285.1,178756.992980491
621009925175939.5,180567.5008049546
1600829628117327,184946.3338501861
1136324462650367,183344.8606173541
669479662013849.9,180926.6236039957
523249535515233,179797.1646558936
2569713735436834,187119.8390455961
1192552981141084,183577.4159055673
448644346011801.8,179066.5874133331
1489969432930608,184599.2567076223
720081598148621.5,181224.6781266562
767119839323524,181488.2199128044
467836966915214.2,179224.7533193281
775438017540079.9,181521.8017583422
782964296096090.5,181680.4271004496
1008205715447298,182828.5966192385
1043515353576361,182964.9334359887
399005053908264.2,178519.3501715329
1302878670428396,184018.9255308044
833071885597227.4,181976.202334958
1490739392327441,184578.3150159557
354552719109266.5,178004.4671865056
1150809264696430,183381.3910365963
1188708603733459,183580.6132395421
1068989645781592,183043.7204370454
477037931146426.1,179307.7953339099
1204859877598338,183653.9709036576
1466961177449164,184585.6414065526
243292065203226.5,176221.5732991158
1634086980663732,185035.5322382809
650723131035793.8,180784.5077001429
1383270613863083,184291.9030736429
488490315476547.1,179464.9295424638
1528916126327827,184688.8562513813
405797097016348.1,178611.0093479554
298997190544963.6,177181.1707164429
297683976009268.5,177196.9789066588
554549364093033.5,180069.7498035453
2405157248885190,186805.7289062916
705894208490017.8,181164.8466051542
1727750415420599,185296.9844931288
362627648466465.5,178047.7352048413
1515169777903198,184689.6794185063
1424619446005376,184453.022378502
589120278846654.8,180332.8357661725
623003145055015.4,180568.561857128
443897031133806.1,179057.0816530433
969505578595261,182604.5479052271
693683363435206.8,181031.1315709167
967457722302787.9,182646.2716026471
813206185710630.5,181823.4564627359
374092059268260.1,178167.9596730085
715189405982640.8,181200.4781002273
478009990719010.6,179378.223668904
668016176248694.8,180874.1423543082
881901579347527.8,182182.4577975305
1029446490546494,182901.7048604149
516976054448335.1,179718.3813659282
1338518656789862,184105.9370679297
476735639748442.9,179367.3164659316
841965316618825.8,182000.8560686812
502735802691322.8,179582.2513097452
647398058677305.8,180770.9079668427
155446153487843.6,174163.9230312128
1498802237915028,184644.5600950139
274972239278998.2,176810.623439774
347545787453240.4,177918.0772443045
1103084326088894,183201.4785097109
175639801859293.8,174664.990220985
1454511590800122,184556.057304652
359657961842828.4,178033.714070417
690285818177894.5,180983.7492222108
772374687736140,181566.0550456948
1277159285950723,183794.8390177196
517999240052950.2,179768.6925016493
576032134119893.9,180258.1461000907
2321716980183935,186669.082840594
181640184141800.8,174919.865097274
551951786718423.5,180041.4154330516
551267339955822.8,180006.8816075479
600211053032779.9,180402.1928971531
642587995169823.5,180765.9985783625
564717603604684.2,180145.8757283691
1620778153676461,185010.9565641973
828161472558754,181903.7108492381
871528244159952.6,182142.8707283129
649978570131828.5,180802.2546380611
256527352308472.7,176501.3481219838
183202776334819.9,174972.5579302241
784314209602788.1,181619.3173072211
1020802591315274,182875.821738672
2327370701792094,186616.9587807618
724088912571737.6,181258.031273692
1129342778910133,183347.1903147387
1587113692081048,184915.6669971612
862395965031521.2,182085.5476645463
464780747769926.8,179210.3429906541
1615625932514340,184983.9202226474
1704417659964175,185261.4994550852
601729237163744.8,180431.9690274671
1413639792842020,184280.5364743223
600309016797286.5,180444.1568077435
977095512626282.6,182643.1749920947
674584728232545.1,180974.8195311441
2290199873424992,186568.6011283004
572846346891183.8,180187.0350307514
308018970888228,177344.490154695
2121462634099785,186254.7642493077
612541129608087,180474.0769378037
816557900524202.2,181859.1519682625
451713078400247.9,179134.6168437637
994241819966069.5,182747.9181007023
313632961583521.5,177424.8343014876
1599858561257268,184881.9498283917
606167354861773.8,180488.208517424
760329979135818.2,181478.7488402537
722738271266299.2,181264.1517034808
1112998785499311,183273.3354145031
577822478332205.9,180229.8355412523
1417352875278394,184384.0198244547
792763226464114.8,181707.8804388607
857907645523395.5,182068.383724177
562651605861276.6,180117.6175868796
871763072060886.8,182126.1855887434
544871831060481.7,179967.2319248001
417384126933149,178786.4677070193
479229842950984,179403.9342588591
664576759643184.2,180807.1859014125
451193712431305.8,179077.4096463523
782894908691556.8,181669.2502535197
198845481799307.3,175259.9154798705
645764947324712.2,180731.9330620943
1734512451397025,185299.3266639113
217601913205781.5,175725.2907398136
1023891105977184,182932.8268831382
767422428222003.5,181547.9426943315
625787355426211.1,180628.9847230343
291079621601646.9,177063.4163678151
577485735056662.2,180251.6321998927
632060378456557.5,180644.804869443
620746934660877,180587.0394052405
496168893119434.9,179523.9130238837
281262077625727.8,176911.7705662945
348288176042938.6,177917.5011249816
1083058213420868,183171.8939454092
443296348552094.2,179056.6199412442
3359356883873293,188327.1973890432
762074016048140.8,181549.0152218981
276670068777496.9,176874.2834044582
373560026468233.2,178236.3778222252
359137667714966.2,178032.3399102023
1471542065256814,184570.2578688958
482853100463595.4,179370.016101233
1439689251846884,184410.6827413791
418307571491786,178779.8637078177
1133471729655365,183382.9249678719
766822631985930.9,181542.3722584364
260721689550005.8,176561.5413031655
190836687452077.6,175115.0989245281
735135123104971.8,181351.3693004767
420153555469429.1,178766.6322344345
1333811941937862,184110.3100328809
1185498399546920,183512.9221739439
1659810042229818,185128.4642310005
1548189387526062,184790.6684885572
430827237919866.1,178853.8130163458
2362334367676306,186758.6159291767
581251490179606.8,180272.7690903708
1114164750289568,183320.3046117259
558617429769350.2,180103.8186293795
468871897883589.2,179227.4072340473
709907089403730.2,181178.0489576691
133792314862636.9,173511.5612417629
61566426374136.62,169868.6794870945
606293245523336.5,180476.5118925159
271539842414210,176697.433275744
613693572977500.8,180502.6331249404
571032147923200,180175.0442090487
645270080488415.8,180730.1710135112
2552584886561718,187103.0302748866
385087888090064.1,178288.7314805305
1550753863530979,184785.3813854585
379332922579273.1,178338.5181586372
362627648466465.5,178047.7352048413
1439973360308380,184410.5759740667
800788541699797.9,181722.5277918902
649522789537026.4,180802.1437742262
162399221487592.3,174399.2584951342
772570886137534.9,181578.2590307629
896399228098136.2,182279.2735217043
1069252803629512,183086.7455957202
742209818622555,181408.9372896684
481530508213837.9,179397.90158075
146787487625105,173925.5624099217
445388187878524.7,178963.2861442035
1138150181096560,183423.33597549
942563120289026.4,182546.3829042224
291636063598026.2,177067.1485777836
254422427679856.9,176453.4094018704
6279046209958046,191247.4659180091
951646949809783.1,182614.771382864
521427275243705.2,179767.3436118648
742787803024321.5,181339.8192472446
668705485961529.2,180867.6049687702
1554391854282823,184840.2218593922
1308695207748034,184029.0026399188
392378025649113,178430.502748607
643841151545874.2,180745.3030120436
568927638811357.5,180151.6731500201
1179257162145222,183454.2041165864
882543415908664.5,182145.3394181837
319158449238533.4,177477.3179075231
306721696375266.8,177307.9142580321
314947252858306.9,177483.2284990328
289548905404453.8,177049.9818958736
1078961057422414,183125.4904983575
1173618420584342,183511.5675610439
455275747483171.9,179151.4078630852
606106309802940.5,180457.9164136586
1816277288030235,185508.4990022723
375370989103870.6,178277.4270254538
759580438348893.5,181496.2150078046
355777676703741.1,177998.3024339258
272855323304915.8,176780.2750155009
1077647211688008,183122.5599808792
1315991053236274,184026.7900974807
433245218951711.4,178869.6524010761
3176860821715604,188120.6330616428
524671430813046.4,179828.6551927406
520334140128098.2,179749.2637928071
1073047755946954,183097.682711618
180029548134684.3,174845.8627145716
2380911284231892,186737.7063490699
891319651552016.8,182257.0298160932
1433490228682651,184456.8240117567
383478559885181.2,178343.7808666116
250829596487655.4,176384.6910051603
697104017423013.2,181102.7441060956
839188833881123.8,181966.9055534813
523833741707990.2,179831.0548766251
329212581945913.9,177667.4356361061
440568023303932.6,179022.4124039925
693157089993326.6,181050.4403802177
897828591432850,182285.0391076118
752960202825584.8,181452.0018921913
490652000191634.4,179531.7109157868
667773035498634,180922.0315551534
669476693876949.1,180909.7019531598
708717348490744.8,181213.0230345164
724983947554892.9,181358.7487229686
980211901050391.8,182653.96145549
1783865988361013,185488.1657667851
1124853186130183,183313.8804635032
481715858160322.5,179361.9397295348
2082405356288650,186176.6774367291
472776101706005.3,179280.2937273959
595274278955355.8,180323.6548423033
2074707374446370,186168.7957787375
807455581914278.2,181769.3638702176
1284368040558398,183952.8921270283
1019174441075550,182854.5556880042
1466851568569992,184569.5010989164
457366205367815.1,179176.6266670896
382864896168783.8,178350.2507104393
1331737285391032,184129.1464471759
504243001365730.9,179587.4473969366
1389937725710456,184306.734933808
651401320161817,180792.284093778
469587146213534.6,179249.8858791195
1253030365886018,183784.7966170026
803816458897869.1,181706.2353123192
621844038274951.4,180603.9241794049
868205306091151.8,182129.7106952017
804319080158333.5,181750.1188629621
720331070199370.5,181209.3842043172
531281071831292.5,179861.5917316417
1457033163997733,184483.8520493939
671658997100731.2,180988.4784878241
966109985241904.5,182595.4441264562
949492107563535.9,182553.326258947
837569124832755.8,181926.6240563323
417375908360886,178783.1644117695
437095526183361.3,178960.0323952968
418549269234785.8,178801.9540502956
692738680901294,181123.1047047196
761466675480025.1,181483.2704846685
1197766671036387,183642.7524619298
998521349260733.5,182749.4422827178
361114740677400.6,178080.6897105819
608126595186017,180501.6314177306
524743054777735.9,179765.6362501698
1381809942097656,184276.8897068924
1347095440696145,184199.9662925014
923911677202654.5,182363.1342037448
2454528131399688,186971.855430146
738554202980799.1,181383.9377295604
729936986654549.1,181277.5530316366
612023887965153.8,180494.7007752586
590268311149239.5,180300.4670136416
466160769626886.6,179244.7890202202
204916606454832.8,175466.9677413055
1209739306640412,183586.0417635996
481727018072983.9,179473.7270610845
345001477774537.9,177797.4919416389
1061155820728376,183044.4582841269
791449503632531.2,181741.1021920902
1172621908544990,183518.0556593203
778789526916179.4,181621.7241332061
2456991382122129,186897.8485631823
696197058909527.5,181096.9365480194
386081888299074.8,178405.225055219
763249111753944.8,181484.5228383704
436620001572282.6,178980.9007557513
1797941916377388,185498.5068188733
332377408378887.1,177678.7127655237
925740042043581.4,182413.5031021921
436071786304852,178909.3187428436
1221529219004330,183657.8169965937
391273027295284.5,178442.7742999005
793131578802435.5,181671.0966749629
272308245475185.2,176785.5394757947
484652130552215.8,179416.2565910264
249341188553489,176320.5559364975
487992043716603.2,179443.2578108324
344179024213805.6,177881.413834098
297680106960189.7,177163.3697694928
298997343756115.9,177199.2664959126
578739461811882.2,180190.8094229847
399703688174206.3,178591.6348229268
1471636814445920,184618.0005321703
1487845632804321,184621.4246317833
1898160226729184,185734.593193752
623195469162154,180603.2831906284
1647151624520582,185059.5326864721
1222451965831061,183711.3471997618
839901113562408.8,181928.3816022617
281855126266718.8,176866.2156708894
480468477713546.1,179393.3729465789
1659589930749687,185164.3764075971
883121823246992,182200.4776880763
1359697368971962,184196.224104964
184701204260842.2,174947.0903624764
397374907162150.9,178481.2578515252
340727737746493.1,177785.7843055837
415112961237431.8,178721.1011246459
401415769039279.2,178574.450505249
236215877872739.3,176061.2264303634
315781507094657.1,177428.7871329921
784321727232591.8,181670.0785853312
476092879830638.5,179322.5929523355
704399706819825.9,181164.8755653232
655039809209291.8,180781.4746592409
2404665034228962,186845.3513408247
1931477972722800,185827.474183892
2609695740121021,187158.2937820638
1198913349020086,183577.3549229967
645982302709738.8,180753.1098111166
541797919872774.6,179931.0450624285
609723849329715,180484.5137898211
725081924623615.6,181295.5266299165
1843066234551303,185644.9846157344
682992454282303.9,181016.8754634282
1168292701951764,183513.1995282844
754719110604771,181451.8809118124
1581693475406163,184935.6049444622
551873395562005.5,179954.5930278582
457469167509674.8,179133.4048440364
483142504635337.3,179462.4699912808
634773494379394.4,180658.2547047639
426592486704231.4,178823.6636340007
447349249580794.1,179094.7390533797
1547221867648178,184757.5238004457
1086519679786223,183139.1540436023
1181803121265608,183544.1164020456
1585708959355878,184893.2339560585
1518043849860160,184691.5575369417
1607333072722952,184973.6484749292
1939079395689216,185844.0504250693
1446678534127514,184481.7765699451
783176780892692,181673.023733425
322236356582409,177545.6378750078
644673132427651.5,180756.4749861023
787353855913762.2,181669.8459761456
1004422568628370,182840.2427577485
1861142165119419,185579.405968884
512724519376999.2,179699.1996266311
731247323895172.9,181300.9874409729
